Set,Participant,File,Left,Top,Width,Height
TD_IR_A_Set1,1,TD_IR_A_0.jpg,184,44,79,102
TD_IR_A_Set1,1,TD_IR_A_1.jpg,193,40,75,112
TD_IR_A_Set1,1,TD_IR_A_2.jpg,183,32,83,116
TD_IR_A_Set1,1,TD_IR_A_3.jpg,176,37,84,117
TD_IR_A_Set1,1,TD_IR_A_4.jpg,135,37,86,118
TD_IR_A_Set1,1,TD_IR_A_5.jpg,136,38,89,119
TD_IR_A_Set1,1,TD_IR_A_6.jpg,132,42,84,113
TD_IR_A_Set1,1,TD_IR_A_7.jpg,118,44,80,112
TD_IR_A_Set1,1,TD_IR_A_8.jpg,178,158,1,2
TD_IR_E_Set1,1,TD_IR_E_1.jpg,133,36,87,119
TD_IR_E_Set1,1,TD_IR_E_2.jpg,91,65,79,110
TD_IR_E_Set1,1,TD_IR_E_3.jpg,90,65,83,109
TD_IR_E_Set1,1,TD_IR_E_4.jpg,90,67,80,117
TD_IR_E_Set1,1,TD_IR_E_5.jpg,91,60,78,110
TD_IR_A_Set1,2,TD_IR_A_0.jpg,156,57,67,93
TD_IR_A_Set1,2,TD_IR_A_1.jpg,173,66,74,89
TD_IR_A_Set1,2,TD_IR_A_2.jpg,159,55,76,96
TD_IR_A_Set1,2,TD_IR_A_3.jpg,162,56,76,101
TD_IR_A_Set1,2,TD_IR_A_4.jpg,146,62,77,98
TD_IR_A_Set1,2,TD_IR_A_5.jpg,158,58,81,103
TD_IR_A_Set1,2,TD_IR_A_6.jpg,177,56,77,103
TD_IR_A_Set1,2,TD_IR_A_7.jpg,168,62,76,99
TD_IR_A_Set1,2,TD_IR_A_8.jpg,161,68,70,91
TD_IR_E_Set1,2,TD_IR_E_1.jpg,128,54,85,104
TD_IR_E_Set1,2,TD_IR_E_2.jpg,130,55,84,104
TD_IR_E_Set1,2,TD_IR_E_3.jpg,131,62,82,98
TD_IR_E_Set1,2,TD_IR_E_4.jpg,133,52,84,117
TD_IR_E_Set1,2,TD_IR_E_5.jpg,129,53,86,109
TD_IR_A_Set1,3,TD_IR_A_0.jpg,191,26,76,86
TD_IR_A_Set1,3,TD_IR_A_1.jpg,137,42,82,102
TD_IR_A_Set1,3,TD_IR_A_2.jpg,120,35,80,109
TD_IR_A_Set1,3,TD_IR_A_3.jpg,134,36,83,105
TD_IR_A_Set1,3,TD_IR_A_4.jpg,84,43,86,106
TD_IR_A_Set1,3,TD_IR_A_5.jpg,114,40,91,99
TD_IR_A_Set1,3,TD_IR_A_6.jpg,89,38,82,106
TD_IR_A_Set1,3,TD_IR_A_7.jpg,75,43,83,104
TD_IR_A_Set1,3,TD_IR_A_8.jpg,79,55,70,91
TD_IR_E_Set1,3,TD_IR_E_1.jpg,135,72,91,124
TD_IR_E_Set1,3,TD_IR_E_2.jpg,133,68,92,126
TD_IR_E_Set1,3,TD_IR_E_3.jpg,131,67,94,127
TD_IR_E_Set1,3,TD_IR_E_4.jpg,130,70,95,132
TD_IR_E_Set1,3,TD_IR_E_5.jpg,139,72,90,119
TD_IR_A_Set1,4,TD_IR_A_0.jpg,155,49,71,88
TD_IR_A_Set1,4,TD_IR_A_1.jpg,125,43,75,97
TD_IR_A_Set1,4,TD_IR_A_2.jpg,119,42,81,97
TD_IR_A_Set1,4,TD_IR_A_3.jpg,142,44,83,100
TD_IR_A_Set1,4,TD_IR_A_4.jpg,134,52,80,95
TD_IR_A_Set1,4,TD_IR_A_5.jpg,135,44,83,107
TD_IR_A_Set1,4,TD_IR_A_6.jpg,143,44,80,103
TD_IR_A_Set1,4,TD_IR_A_7.jpg,157,46,78,101
TD_IR_A_Set1,4,TD_IR_A_8.jpg,156,52,73,97
TD_IR_E_Set1,4,TD_IR_E_1.jpg,133,55,91,117
TD_IR_E_Set1,4,TD_IR_E_2.jpg,132,61,95,109
TD_IR_E_Set1,4,TD_IR_E_3.jpg,129,55,95,125
TD_IR_E_Set1,4,TD_IR_E_4.jpg,132,60,96,132
TD_IR_E_Set1,4,TD_IR_E_5.jpg,139,51,96,115
TD_IR_A_Set1,5,TD_IR_A_0.jpg,180,85,74,106
TD_IR_A_Set1,5,TD_IR_A_1.jpg,174,97,77,102
TD_IR_A_Set1,5,TD_IR_A_2.jpg,165,91,82,107
TD_IR_A_Set1,5,TD_IR_A_3.jpg,172,87,84,117
TD_IR_A_Set1,5,TD_IR_A_4.jpg,134,90,86,110
TD_IR_A_Set1,5,TD_IR_A_5.jpg,128,91,85,109
TD_IR_A_Set1,5,TD_IR_A_6.jpg,127,91,84,108
TD_IR_A_Set1,5,TD_IR_A_7.jpg,120,96,78,104
TD_IR_A_Set1,5,TD_IR_A_8.jpg,103,105,71,90
TD_IR_E_Set1,5,TD_IR_E_1.jpg,117,38,89,109
TD_IR_E_Set1,5,TD_IR_E_2.jpg,120,37,83,111
TD_IR_E_Set1,5,TD_IR_E_3.jpg,126,35,77,108
TD_IR_E_Set1,5,TD_IR_E_4.jpg,117,33,91,128
TD_IR_E_Set1,5,TD_IR_E_5.jpg,121,40,88,109
TD_IR_A_Set1,6,TD_IR_A_0.jpg,187,51,70,86
TD_IR_A_Set1,6,TD_IR_A_1.jpg,187,47,70,95
TD_IR_A_Set1,6,TD_IR_A_2.jpg,162,38,74,100
TD_IR_A_Set1,6,TD_IR_A_3.jpg,167,40,78,100
TD_IR_A_Set1,6,TD_IR_A_4.jpg,141,46,80,99
TD_IR_A_Set1,6,TD_IR_A_5.jpg,127,39,82,105
TD_IR_A_Set1,6,TD_IR_A_6.jpg,145,38,80,105
TD_IR_A_Set1,6,TD_IR_A_7.jpg,145,48,75,95
TD_IR_A_Set1,6,TD_IR_A_8.jpg,112,48,74,98
TD_IR_E_Set1,6,TD_IR_E_1.jpg,130,71,80,103
TD_IR_E_Set1,6,TD_IR_E_2.jpg,130,63,84,106
TD_IR_E_Set1,6,TD_IR_E_3.jpg,131,65,84,107
TD_IR_E_Set1,6,TD_IR_E_4.jpg,125,72,84,113
TD_IR_E_Set1,6,TD_IR_E_5.jpg,132,65,83,105
TD_IR_A_Set1,7,TD_IR_A_0.jpg,199,96,51,85
TD_IR_A_Set1,7,TD_IR_A_1.jpg,188,86,74,97
TD_IR_A_Set1,7,TD_IR_A_2.jpg,154,72,81,112
TD_IR_A_Set1,7,TD_IR_A_3.jpg,122,96,84,85
TD_IR_A_Set1,7,TD_IR_A_4.jpg,90,79,81,107
TD_IR_A_Set1,7,TD_IR_A_5.jpg,107,86,85,99
TD_IR_A_Set1,7,TD_IR_A_6.jpg,125,86,83,97
TD_IR_A_Set1,7,TD_IR_A_7.jpg,145,88,77,97
TD_IR_A_Set1,7,TD_IR_A_8.jpg,102,86,71,100
TD_IR_E_Set1,7,TD_IR_E_1.jpg,134,49,88,108
TD_IR_E_Set1,7,TD_IR_E_2.jpg,135,52,84,104
TD_IR_E_Set1,7,TD_IR_E_3.jpg,133,56,88,103
TD_IR_E_Set1,7,TD_IR_E_4.jpg,129,52,91,108
TD_IR_E_Set1,7,TD_IR_E_5.jpg,127,52,87,105
TD_IR_A_Set1,8,TD_IR_A_0.jpg,163,76,48,88
TD_IR_A_Set1,8,TD_IR_A_1.jpg,173,77,57,91
TD_IR_A_Set1,8,TD_IR_A_2.jpg,157,74,69,91
TD_IR_A_Set1,8,TD_IR_A_3.jpg,164,79,81,94
TD_IR_A_Set1,8,TD_IR_A_4.jpg,143,78,85,99
TD_IR_A_Set1,8,TD_IR_A_5.jpg,141,83,78,92
TD_IR_A_Set1,8,TD_IR_A_6.jpg,158,80,73,93
TD_IR_A_Set1,8,TD_IR_A_7.jpg,165,83,67,92
TD_IR_A_Set1,8,TD_IR_A_8.jpg,139,84,55,91
TD_IR_E_Set1,8,TD_IR_E_1.jpg,109,78,88,98
TD_IR_E_Set1,8,TD_IR_E_2.jpg,112,81,85,98
TD_IR_E_Set1,8,TD_IR_E_3.jpg,110,77,86,100
TD_IR_E_Set1,8,TD_IR_E_4.jpg,114,77,79,106
TD_IR_E_Set1,8,TD_IR_E_5.jpg,112,78,77,99
TD_IR_A_Set1,9,TD_IR_A_0.jpg,161,59,71,84
TD_IR_A_Set1,9,TD_IR_A_1.jpg,138,57,77,90
TD_IR_A_Set1,9,TD_IR_A_2.jpg,166,53,77,90
TD_IR_A_Set1,9,TD_IR_A_3.jpg,159,56,81,95
TD_IR_A_Set1,9,TD_IR_A_4.jpg,128,56,80,94
TD_IR_A_Set1,9,TD_IR_A_5.jpg,153,58,81,93
TD_IR_A_Set1,9,TD_IR_A_6.jpg,137,53,78,98
TD_IR_A_Set1,9,TD_IR_A_7.jpg,151,76,73,76
TD_IR_A_Set1,9,TD_IR_A_8.jpg,140,70,73,83
TD_IR_E_Set1,9,TD_IR_E_1.jpg,139,64,83,98
TD_IR_E_Set1,9,TD_IR_E_2.jpg,135,66,87,108
TD_IR_E_Set1,9,TD_IR_E_3.jpg,137,62,85,108
TD_IR_E_Set1,9,TD_IR_E_4.jpg,138,65,83,113
TD_IR_E_Set1,9,TD_IR_E_5.jpg,128,67,85,100
TD_IR_A_Set1,10,TD_IR_A_0.jpg,140,41,63,91
TD_IR_A_Set1,10,TD_IR_A_1.jpg,134,43,70,91
TD_IR_A_Set1,10,TD_IR_A_2.jpg,136,38,79,91
TD_IR_A_Set1,10,TD_IR_A_3.jpg,129,40,80,94
TD_IR_A_Set1,10,TD_IR_A_4.jpg,113,46,80,91
TD_IR_A_Set1,10,TD_IR_A_5.jpg,110,46,77,91
TD_IR_A_Set1,10,TD_IR_A_6.jpg,139,46,77,89
TD_IR_A_Set1,10,TD_IR_A_7.jpg,126,55,75,86
TD_IR_A_Set1,10,TD_IR_A_8.jpg,104,58,64,86
TD_IR_E_Set1,10,TD_IR_E_1.jpg,111,47,77,96
TD_IR_E_Set1,10,TD_IR_E_2.jpg,111,47,78,95
TD_IR_E_Set1,10,TD_IR_E_3.jpg,111,48,80,96
TD_IR_E_Set1,10,TD_IR_E_4.jpg,111,43,77,108
TD_IR_E_Set1,10,TD_IR_E_5.jpg,107,50,83,88
TD_IR_A_Set1,11,TD_IR_A_0.jpg,141,47,74,95
TD_IR_A_Set1,11,TD_IR_A_1.jpg,141,51,74,99
TD_IR_A_Set1,11,TD_IR_A_2.jpg,152,44,73,101
TD_IR_A_Set1,11,TD_IR_A_3.jpg,159,45,75,107
TD_IR_A_Set1,11,TD_IR_A_4.jpg,143,43,78,112
TD_IR_A_Set1,11,TD_IR_A_5.jpg,161,43,79,109
TD_IR_A_Set1,11,TD_IR_A_6.jpg,175,54,75,98
TD_IR_A_Set1,11,TD_IR_A_7.jpg,163,49,77,105
TD_IR_A_Set1,11,TD_IR_A_8.jpg,153,50,76,110
TD_IR_E_Set1,11,TD_IR_E_1.jpg,134,49,77,105
TD_IR_E_Set1,11,TD_IR_E_2.jpg,139,52,76,103
TD_IR_E_Set1,11,TD_IR_E_3.jpg,139,43,76,112
TD_IR_E_Set1,11,TD_IR_E_4.jpg,144,45,78,123
TD_IR_E_Set1,11,TD_IR_E_5.jpg,133,55,77,99
TD_IR_A_Set1,12,TD_IR_A_0.jpg,164,70,75,95
TD_IR_A_Set1,12,TD_IR_A_1.jpg,150,69,81,98
TD_IR_A_Set1,12,TD_IR_A_2.jpg,139,58,84,105
TD_IR_A_Set1,12,TD_IR_A_3.jpg,151,65,83,102
TD_IR_A_Set1,12,TD_IR_A_4.jpg,131,66,83,103
TD_IR_A_Set1,12,TD_IR_A_5.jpg,133,72,82,100
TD_IR_A_Set1,12,TD_IR_A_6.jpg,153,68,81,104
TD_IR_A_Set1,12,TD_IR_A_7.jpg,152,75,77,97
TD_IR_A_Set1,12,TD_IR_A_8.jpg,132,73,75,99
TD_IR_E_Set1,12,TD_IR_E_1.jpg,133,67,85,106
TD_IR_E_Set1,12,TD_IR_E_2.jpg,130,72,87,98
TD_IR_E_Set1,12,TD_IR_E_3.jpg,133,67,86,106
TD_IR_E_Set1,12,TD_IR_E_4.jpg,131,62,89,121
TD_IR_E_Set1,12,TD_IR_E_5.jpg,136,68,87,109
TD_IR_A_Set1,13,TD_IR_A_0.jpg,157,57,77,105
TD_IR_A_Set1,13,TD_IR_A_1.jpg,145,57,80,111
TD_IR_A_Set1,13,TD_IR_A_2.jpg,122,55,80,113
TD_IR_A_Set1,13,TD_IR_A_3.jpg,143,60,81,109
TD_IR_A_Set1,13,TD_IR_A_4.jpg,117,62,80,111
TD_IR_A_Set1,13,TD_IR_A_5.jpg,134,60,82,111
TD_IR_A_Set1,13,TD_IR_A_6.jpg,144,57,81,114
TD_IR_A_Set1,13,TD_IR_A_7.jpg,222,80,2,2
TD_IR_A_Set1,13,TD_IR_A_8.jpg,143,69,71,102
TD_IR_E_Set1,13,TD_IR_E_1.jpg,120,59,81,110
TD_IR_E_Set1,13,TD_IR_E_2.jpg,118,62,82,112
TD_IR_E_Set1,13,TD_IR_E_3.jpg,120,57,81,115
TD_IR_E_Set1,13,TD_IR_E_4.jpg,120,65,85,124
TD_IR_E_Set1,13,TD_IR_E_5.jpg,118,57,82,112
TD_IR_A_Set1,14,TD_IR_A_0.jpg,168,58,72,81
TD_IR_A_Set1,14,TD_IR_A_1.jpg,169,43,82,101
TD_IR_A_Set1,14,TD_IR_A_2.jpg,166,41,88,100
TD_IR_A_Set1,14,TD_IR_A_3.jpg,147,39,97,107
TD_IR_A_Set1,14,TD_IR_A_4.jpg,135,47,88,106
TD_IR_A_Set1,14,TD_IR_A_5.jpg,120,49,91,105
TD_IR_A_Set1,14,TD_IR_A_6.jpg,124,57,91,96
TD_IR_A_Set1,14,TD_IR_A_7.jpg,109,48,85,104
TD_IR_A_Set1,14,TD_IR_A_8.jpg,114,66,77,89
TD_IR_E_Set1,14,TD_IR_E_1.jpg,117,46,92,117
TD_IR_E_Set1,14,TD_IR_E_2.jpg,114,54,93,109
TD_IR_E_Set1,14,TD_IR_E_3.jpg,110,45,98,111
TD_IR_E_Set1,14,TD_IR_E_4.jpg,110,43,95,127
TD_IR_E_Set1,14,TD_IR_E_5.jpg,114,50,95,109
TD_IR_A_Set1,15,TD_IR_A_0.jpg,170,56,70,96
TD_IR_A_Set1,15,TD_IR_A_1.jpg,175,54,74,99
TD_IR_A_Set1,15,TD_IR_A_2.jpg,156,49,78,101
TD_IR_A_Set1,15,TD_IR_A_3.jpg,152,60,75,99
TD_IR_A_Set1,15,TD_IR_A_4.jpg,119,55,80,108
TD_IR_A_Set1,15,TD_IR_A_5.jpg,123,61,78,101
TD_IR_A_Set1,15,TD_IR_A_6.jpg,117,64,76,99
TD_IR_A_Set1,15,TD_IR_A_7.jpg,91,67,73,98
TD_IR_A_Set1,15,TD_IR_A_8.jpg,101,73,70,91
TD_IR_E_Set1,15,TD_IR_E_1.jpg,121,59,75,105
TD_IR_E_Set1,15,TD_IR_E_2.jpg,119,61,79,103
TD_IR_E_Set1,15,TD_IR_E_3.jpg,120,62,78,102
TD_IR_E_Set1,15,TD_IR_E_4.jpg,121,64,79,107
TD_IR_E_Set1,15,TD_IR_E_5.jpg,113,58,81,105
TD_IR_A_Set1,16,TD_IR_A_0.jpg,141,59,67,94
TD_IR_A_Set1,16,TD_IR_A_1.jpg,141,59,72,97
TD_IR_A_Set1,16,TD_IR_A_2.jpg,137,57,68,96
TD_IR_A_Set1,16,TD_IR_A_3.jpg,146,63,76,95
TD_IR_A_Set1,16,TD_IR_A_4.jpg,110,62,81,100
TD_IR_A_Set1,16,TD_IR_A_5.jpg,125,71,74,91
TD_IR_A_Set1,16,TD_IR_A_6.jpg,119,69,80,92
TD_IR_A_Set1,16,TD_IR_A_7.jpg,123,75,71,87
TD_IR_A_Set1,16,TD_IR_A_8.jpg,107,73,67,89
TD_IR_E_Set1,16,TD_IR_E_1.jpg,126,58,79,98
TD_IR_E_Set1,16,TD_IR_E_2.jpg,128,55,79,103
TD_IR_E_Set1,16,TD_IR_E_3.jpg,125,61,79,96
TD_IR_E_Set1,16,TD_IR_E_4.jpg,127,60,75,100
TD_IR_E_Set1,16,TD_IR_E_5.jpg,122,54,87,102
TD_IR_A_Set1,17,TD_IR_A_0.jpg,148,53,69,78
TD_IR_A_Set1,17,TD_IR_A_1.jpg,150,51,73,85
TD_IR_A_Set1,17,TD_IR_A_2.jpg,146,48,68,84
TD_IR_A_Set1,17,TD_IR_A_3.jpg,152,46,77,91
TD_IR_A_Set1,17,TD_IR_A_4.jpg,142,49,77,97
TD_IR_A_Set1,17,TD_IR_A_5.jpg,137,54,74,90
TD_IR_A_Set1,17,TD_IR_A_6.jpg,164,51,71,92
TD_IR_A_Set1,17,TD_IR_A_7.jpg,165,54,67,88
TD_IR_A_Set1,17,TD_IR_A_8.jpg,148,61,64,84
TD_IR_E_Set1,17,TD_IR_E_1.jpg,131,60,74,93
TD_IR_E_Set1,17,TD_IR_E_2.jpg,131,60,77,93
TD_IR_E_Set1,17,TD_IR_E_3.jpg,133,63,74,89
TD_IR_E_Set1,17,TD_IR_E_4.jpg,130,59,79,99
TD_IR_E_Set1,17,TD_IR_E_5.jpg,118,63,75,88
TD_IR_A_Set1,18,TD_IR_A_0.jpg,181,71,69,93
TD_IR_A_Set1,18,TD_IR_A_1.jpg,176,64,76,105
TD_IR_A_Set1,18,TD_IR_A_2.jpg,145,67,83,100
TD_IR_A_Set1,18,TD_IR_A_3.jpg,143,65,88,113
TD_IR_A_Set1,18,TD_IR_A_4.jpg,100,66,91,118
TD_IR_A_Set1,18,TD_IR_A_5.jpg,92,71,91,112
TD_IR_A_Set1,18,TD_IR_A_6.jpg,103,73,91,109
TD_IR_A_Set1,18,TD_IR_A_7.jpg,91,83,84,99
TD_IR_A_Set1,18,TD_IR_A_8.jpg,74,83,72,99
TD_IR_E_Set1,18,TD_IR_E_1.jpg,100,75,94,112
TD_IR_E_Set1,18,TD_IR_E_2.jpg,100,74,94,114
TD_IR_E_Set1,18,TD_IR_E_3.jpg,103,75,92,112
TD_IR_E_Set1,18,TD_IR_E_4.jpg,101,69,95,119
TD_IR_E_Set1,18,TD_IR_E_5.jpg,97,75,92,112
TD_IR_A_Set1,19,TD_IR_A_0.jpg,140,89,66,97
TD_IR_A_Set1,19,TD_IR_A_1.jpg,132,93,75,97
TD_IR_A_Set1,19,TD_IR_A_2.jpg,109,90,81,101
TD_IR_A_Set1,19,TD_IR_A_3.jpg,135,91,80,103
TD_IR_A_Set1,19,TD_IR_A_4.jpg,90,96,76,103
TD_IR_A_Set1,19,TD_IR_A_5.jpg,78,102,81,96
TD_IR_A_Set1,19,TD_IR_A_6.jpg,88,92,80,104
TD_IR_A_Set1,19,TD_IR_A_7.jpg,78,99,77,98
TD_IR_A_Set1,19,TD_IR_A_8.jpg,76,103,67,92
TD_IR_E_Set1,19,TD_IR_E_1.jpg,104,99,79,97
TD_IR_E_Set1,19,TD_IR_E_2.jpg,101,90,83,104
TD_IR_E_Set1,19,TD_IR_E_3.jpg,101,91,83,101
TD_IR_E_Set1,19,TD_IR_E_4.jpg,102,92,81,113
TD_IR_E_Set1,19,TD_IR_E_5.jpg,106,89,82,105
TD_IR_A_Set1,20,TD_IR_A_0.jpg,156,67,73,93
TD_IR_A_Set1,20,TD_IR_A_1.jpg,159,70,78,92
TD_IR_A_Set1,20,TD_IR_A_2.jpg,151,60,86,99
TD_IR_A_Set1,20,TD_IR_A_3.jpg,156,61,94,106
TD_IR_A_Set1,20,TD_IR_A_4.jpg,134,63,92,107
TD_IR_A_Set1,20,TD_IR_A_5.jpg,119,68,99,106
TD_IR_A_Set1,20,TD_IR_A_6.jpg,131,72,93,98
TD_IR_A_Set1,20,TD_IR_A_7.jpg,128,74,86,100
TD_IR_A_Set1,20,TD_IR_A_8.jpg,112,75,75,100
TD_IR_E_Set1,20,TD_IR_E_1.jpg,126,63,94,105
TD_IR_E_Set1,20,TD_IR_E_2.jpg,123,71,96,104
TD_IR_E_Set1,20,TD_IR_E_3.jpg,127,65,90,108
TD_IR_E_Set1,20,TD_IR_E_4.jpg,122,61,98,119
TD_IR_E_Set1,20,TD_IR_E_5.jpg,129,57,96,110
TD_IR_A_Set1,21,TD_IR_A_0.jpg,167,79,72,99
TD_IR_A_Set1,21,TD_IR_A_1.jpg,153,77,73,104
TD_IR_A_Set1,21,TD_IR_A_2.jpg,143,75,75,104
TD_IR_A_Set1,21,TD_IR_A_3.jpg,156,77,75,107
TD_IR_A_Set1,21,TD_IR_A_4.jpg,138,76,74,108
TD_IR_A_Set1,21,TD_IR_A_5.jpg,129,75,83,106
TD_IR_A_Set1,21,TD_IR_A_6.jpg,149,73,84,110
TD_IR_A_Set1,21,TD_IR_A_7.jpg,121,76,79,110
TD_IR_A_Set1,21,TD_IR_A_8.jpg,114,82,75,105
TD_IR_E_Set1,21,TD_IR_E_1.jpg,126,66,81,110
TD_IR_E_Set1,21,TD_IR_E_2.jpg,122,67,84,112
TD_IR_E_Set1,21,TD_IR_E_3.jpg,123,70,83,107
TD_IR_E_Set1,21,TD_IR_E_4.jpg,124,60,79,118
TD_IR_E_Set1,21,TD_IR_E_5.jpg,123,71,84,102
TD_IR_A_Set1,22,TD_IR_A_0.jpg,175,88,75,95
TD_IR_A_Set1,22,TD_IR_A_1.jpg,174,96,69,93
TD_IR_A_Set1,22,TD_IR_A_2.jpg,154,85,75,102
TD_IR_A_Set1,22,TD_IR_A_3.jpg,140,89,78,104
TD_IR_A_Set1,22,TD_IR_A_4.jpg,125,92,75,104
TD_IR_A_Set1,22,TD_IR_A_5.jpg,125,96,81,99
TD_IR_A_Set1,22,TD_IR_A_6.jpg,131,96,80,98
TD_IR_A_Set1,22,TD_IR_A_7.jpg,142,96,76,98
TD_IR_A_Set1,22,TD_IR_A_8.jpg,104,104,73,88
TD_IR_E_Set1,22,TD_IR_E_1.jpg,132,92,79,103
TD_IR_E_Set1,22,TD_IR_E_2.jpg,132,91,77,108
TD_IR_E_Set1,22,TD_IR_E_3.jpg,131,91,80,104
TD_IR_E_Set1,22,TD_IR_E_4.jpg,129,91,83,112
TD_IR_E_Set1,22,TD_IR_E_5.jpg,127,88,86,104
TD_IR_A_Set1,23,TD_IR_A_0.jpg,150,81,63,91
TD_IR_A_Set1,23,TD_IR_A_1.jpg,182,82,70,95
TD_IR_A_Set1,23,TD_IR_A_2.jpg,150,77,70,98
TD_IR_A_Set1,23,TD_IR_A_3.jpg,171,83,74,98
TD_IR_A_Set1,23,TD_IR_A_4.jpg,132,81,79,100
TD_IR_A_Set1,23,TD_IR_A_5.jpg,127,80,80,100
TD_IR_A_Set1,23,TD_IR_A_6.jpg,134,85,77,97
TD_IR_A_Set1,23,TD_IR_A_7.jpg,128,84,72,96
TD_IR_A_Set1,23,TD_IR_A_8.jpg,123,88,66,92
TD_IR_E_Set1,23,TD_IR_E_1.jpg,131,84,79,104
TD_IR_E_Set1,23,TD_IR_E_2.jpg,128,81,80,106
TD_IR_E_Set1,23,TD_IR_E_3.jpg,130,84,78,105
TD_IR_E_Set1,23,TD_IR_E_4.jpg,126,82,81,116
TD_IR_E_Set1,23,TD_IR_E_5.jpg,141,85,79,101
TD_IR_A_Set1,24,TD_IR_A_0.jpg,165,57,71,106
TD_IR_A_Set1,24,TD_IR_A_1.jpg,169,57,73,112
TD_IR_A_Set1,24,TD_IR_A_2.jpg,158,58,84,103
TD_IR_A_Set1,24,TD_IR_A_3.jpg,166,64,83,108
TD_IR_A_Set1,24,TD_IR_A_4.jpg,128,67,84,113
TD_IR_A_Set1,24,TD_IR_A_5.jpg,128,60,85,115
TD_IR_A_Set1,24,TD_IR_A_6.jpg,137,71,84,104
TD_IR_A_Set1,24,TD_IR_A_7.jpg,138,63,80,110
TD_IR_A_Set1,24,TD_IR_A_8.jpg,113,71,76,104
TD_IR_E_Set1,24,TD_IR_E_1.jpg,130,58,86,114
TD_IR_E_Set1,24,TD_IR_E_2.jpg,130,60,89,114
TD_IR_E_Set1,24,TD_IR_E_3.jpg,129,59,87,114
TD_IR_E_Set1,24,TD_IR_E_4.jpg,128,58,84,119
TD_IR_E_Set1,24,TD_IR_E_5.jpg,123,57,90,113
TD_IR_A_Set1,25,TD_IR_A_0.jpg,170,78,61,90
TD_IR_A_Set1,25,TD_IR_A_1.jpg,164,76,62,94
TD_IR_A_Set1,25,TD_IR_A_2.jpg,158,72,82,100
TD_IR_A_Set1,25,TD_IR_A_3.jpg,146,80,84,100
TD_IR_A_Set1,25,TD_IR_A_4.jpg,115,78,81,106
TD_IR_A_Set1,25,TD_IR_A_5.jpg,93,80,83,106
TD_IR_A_Set1,25,TD_IR_A_6.jpg,123,84,69,96
TD_IR_A_Set1,25,TD_IR_A_7.jpg,104,89,66,89
TD_IR_A_Set1,25,TD_IR_A_8.jpg,97,98,59,76
TD_IR_E_Set1,25,TD_IR_E_1.jpg,109,88,87,96
TD_IR_E_Set1,25,TD_IR_E_2.jpg,108,78,90,106
TD_IR_E_Set1,25,TD_IR_E_3.jpg,104,75,90,109
TD_IR_E_Set1,25,TD_IR_E_4.jpg,108,82,86,119
TD_IR_E_Set1,25,TD_IR_E_5.jpg,112,86,88,105
TD_IR_A_Set2,26,TD_IR_A_0.jpg,170,81,67,96
TD_IR_A_Set2,26,TD_IR_A_1.jpg,163,87,70,94
TD_IR_A_Set2,26,TD_IR_A_2.jpg,144,80,71,104
TD_IR_A_Set2,26,TD_IR_A_3.jpg,142,87,79,102
TD_IR_A_Set2,26,TD_IR_A_4.jpg,110,88,79,103
TD_IR_A_Set2,26,TD_IR_A_5.jpg,136,87,82,106
TD_IR_A_Set2,26,TD_IR_A_6.jpg,125,88,81,100
TD_IR_A_Set2,26,TD_IR_A_7.jpg,110,91,73,94
TD_IR_A_Set2,26,TD_IR_A_8.jpg,91,100,70,84
TD_IR_E_Set2,26,TD_IR_E_1.jpg,112,89,82,99
TD_IR_E_Set2,26,TD_IR_E_2.jpg,112,85,83,104
TD_IR_E_Set2,26,TD_IR_E_3.jpg,113,86,80,104
TD_IR_E_Set2,26,TD_IR_E_4.jpg,110,91,86,111
TD_IR_E_Set2,26,TD_IR_E_5.jpg,114,89,85,100
TD_IR_A_Set2,27,TD_IR_A_0.jpg,134,56,79,112
TD_IR_A_Set2,27,TD_IR_A_1.jpg,169,55,78,112
TD_IR_A_Set2,27,TD_IR_A_2.jpg,125,48,85,122
TD_IR_A_Set2,27,TD_IR_A_3.jpg,125,57,88,120
TD_IR_A_Set2,27,TD_IR_A_4.jpg,125,57,89,118
TD_IR_A_Set2,27,TD_IR_A_5.jpg,125,58,89,119
TD_IR_A_Set2,27,TD_IR_A_6.jpg,145,58,86,116
TD_IR_A_Set2,27,TD_IR_A_7.jpg,138,61,84,115
TD_IR_A_Set2,27,TD_IR_A_8.jpg,119,69,80,108
TD_IR_E_Set2,27,TD_IR_E_1.jpg,141,57,92,118
TD_IR_E_Set2,27,TD_IR_E_2.jpg,140,65,93,119
TD_IR_E_Set2,27,TD_IR_E_3.jpg,146,61,88,118
TD_IR_E_Set2,27,TD_IR_E_4.jpg,147,62,92,130
TD_IR_E_Set2,27,TD_IR_E_5.jpg,145,56,90,128
TD_IR_A_Set2,28,TD_IR_A_0.jpg,215,72,82,105
TD_IR_A_Set2,28,TD_IR_A_1.jpg,182,62,87,115
TD_IR_A_Set2,28,TD_IR_A_2.jpg,163,53,99,127
TD_IR_A_Set2,28,TD_IR_A_3.jpg,140,50,100,138
TD_IR_A_Set2,28,TD_IR_A_4.jpg,116,53,101,137
TD_IR_A_Set2,28,TD_IR_A_5.jpg,110,57,101,134
TD_IR_A_Set2,28,TD_IR_A_6.jpg,96,81,97,113
TD_IR_A_Set2,28,TD_IR_A_7.jpg,93,67,91,121
TD_IR_A_Set2,28,TD_IR_A_8.jpg,83,73,82,113
TD_IR_E_Set2,28,TD_IR_E_1.jpg,119,50,102,144
TD_IR_E_Set2,28,TD_IR_E_2.jpg,119,60,103,132
TD_IR_E_Set2,28,TD_IR_E_3.jpg,119,65,99,130
TD_IR_E_Set2,28,TD_IR_E_4.jpg,119,58,100,127
TD_IR_E_Set2,28,TD_IR_E_5.jpg,120,51,99,135
TD_IR_A_Set2,29,TD_IR_A_0.jpg,175,69,70,93
TD_IR_A_Set2,29,TD_IR_A_1.jpg,174,64,73,102
TD_IR_A_Set2,29,TD_IR_A_2.jpg,166,62,82,101
TD_IR_A_Set2,29,TD_IR_A_3.jpg,160,62,77,106
TD_IR_A_Set2,29,TD_IR_A_4.jpg,132,56,85,116
TD_IR_A_Set2,29,TD_IR_A_5.jpg,136,59,82,114
TD_IR_A_Set2,29,TD_IR_A_6.jpg,123,65,80,106
TD_IR_A_Set2,29,TD_IR_A_7.jpg,128,65,77,106
TD_IR_A_Set2,29,TD_IR_A_8.jpg,87,78,72,94
TD_IR_E_Set2,29,TD_IR_E_1.jpg,132,67,77,102
TD_IR_E_Set2,29,TD_IR_E_2.jpg,127,61,81,109
TD_IR_E_Set2,29,TD_IR_E_3.jpg,127,64,83,106
TD_IR_E_Set2,29,TD_IR_E_4.jpg,125,62,82,121
TD_IR_E_Set2,29,TD_IR_E_5.jpg,132,66,84,108
TD_IR_A_Set2,30,TD_IR_A_0.jpg,235,58,82,104
TD_IR_A_Set2,30,TD_IR_A_1.jpg,196,55,86,110
TD_IR_A_Set2,30,TD_IR_A_2.jpg,193,50,88,113
TD_IR_A_Set2,30,TD_IR_A_3.jpg,183,49,85,121
TD_IR_A_Set2,30,TD_IR_A_4.jpg,115,51,90,127
TD_IR_A_Set2,30,TD_IR_A_5.jpg,126,59,90,117
TD_IR_A_Set2,30,TD_IR_A_6.jpg,95,48,87,125
TD_IR_A_Set2,30,TD_IR_A_7.jpg,98,62,85,111
TD_IR_A_Set2,30,TD_IR_A_8.jpg,52,67,84,105
TD_IR_E_Set2,30,TD_IR_E_1.jpg,136,52,88,127
TD_IR_E_Set2,30,TD_IR_E_2.jpg,137,49,90,130
TD_IR_E_Set2,30,TD_IR_E_3.jpg,137,53,90,122
TD_IR_E_Set2,30,TD_IR_E_4.jpg,152,48,87,124
TD_IR_E_Set2,30,TD_IR_E_5.jpg,139,59,92,123
TD_IR_A_Set2,31,TD_IR_A_0.jpg,141,48,77,103
TD_IR_A_Set2,31,TD_IR_A_1.jpg,148,51,86,99
TD_IR_A_Set2,31,TD_IR_A_2.jpg,137,46,91,102
TD_IR_A_Set2,31,TD_IR_A_3.jpg,145,41,90,111
TD_IR_A_Set2,31,TD_IR_A_4.jpg,107,47,90,112
TD_IR_A_Set2,31,TD_IR_A_5.jpg,132,56,91,99
TD_IR_A_Set2,31,TD_IR_A_6.jpg,143,49,88,108
TD_IR_A_Set2,31,TD_IR_A_7.jpg,123,52,82,106
TD_IR_A_Set2,31,TD_IR_A_8.jpg,147,55,75,103
TD_IR_E_Set2,31,TD_IR_E_1.jpg,120,51,87,112
TD_IR_E_Set2,31,TD_IR_E_2.jpg,118,52,91,110
TD_IR_E_Set2,31,TD_IR_E_3.jpg,119,55,89,112
TD_IR_E_Set2,31,TD_IR_E_4.jpg,117,53,92,116
TD_IR_E_Set2,31,TD_IR_E_5.jpg,123,55,89,109
TD_IR_A_Set2,32,TD_IR_A_0.jpg,190,95,69,84
TD_IR_A_Set2,32,TD_IR_A_1.jpg,174,94,76,89
TD_IR_A_Set2,32,TD_IR_A_2.jpg,178,87,78,95
TD_IR_A_Set2,32,TD_IR_A_3.jpg,175,92,81,98
TD_IR_A_Set2,32,TD_IR_A_4.jpg,109,93,83,100
TD_IR_A_Set2,32,TD_IR_A_5.jpg,131,96,79,98
TD_IR_A_Set2,32,TD_IR_A_6.jpg,128,99,79,93
TD_IR_A_Set2,32,TD_IR_A_7.jpg,100,113,72,80
TD_IR_A_Set2,32,TD_IR_A_8.jpg,104,105,68,86
TD_IR_E_Set2,32,TD_IR_E_1.jpg,134,97,79,99
TD_IR_E_Set2,32,TD_IR_E_2.jpg,134,95,78,102
TD_IR_E_Set2,32,TD_IR_E_3.jpg,134,105,78,96
TD_IR_E_Set2,32,TD_IR_E_4.jpg,126,104,82,105
TD_IR_E_Set2,32,TD_IR_E_5.jpg,123,93,90,109
TD_IR_A_Set2,33,TD_IR_A_0.jpg,194,75,81,99
TD_IR_A_Set2,33,TD_IR_A_1.jpg,199,74,85,105
TD_IR_A_Set2,33,TD_IR_A_2.jpg,174,65,88,114
TD_IR_A_Set2,33,TD_IR_A_3.jpg,175,67,89,119
TD_IR_A_Set2,33,TD_IR_A_4.jpg,137,69,88,122
TD_IR_A_Set2,33,TD_IR_A_5.jpg,130,56,96,132
TD_IR_A_Set2,33,TD_IR_A_6.jpg,117,88,89,102
TD_IR_A_Set2,33,TD_IR_A_7.jpg,89,67,90,123
TD_IR_A_Set2,33,TD_IR_A_8.jpg,73,72,82,118
TD_IR_E_Set2,33,TD_IR_E_1.jpg,135,66,88,115
TD_IR_E_Set2,33,TD_IR_E_2.jpg,138,59,87,128
TD_IR_E_Set2,33,TD_IR_E_3.jpg,135,73,87,109
TD_IR_E_Set2,33,TD_IR_E_4.jpg,135,68,87,126
TD_IR_E_Set2,33,TD_IR_E_5.jpg,134,65,88,110
TD_IR_A_Set2,34,TD_IR_A_0.jpg,176,97,71,96
TD_IR_A_Set2,34,TD_IR_A_1.jpg,171,102,75,94
TD_IR_A_Set2,34,TD_IR_A_2.jpg,168,93,78,105
TD_IR_A_Set2,34,TD_IR_A_3.jpg,145,98,83,105
TD_IR_A_Set2,34,TD_IR_A_4.jpg,123,106,80,98
TD_IR_A_Set2,34,TD_IR_A_5.jpg,138,100,77,104
TD_IR_A_Set2,34,TD_IR_A_6.jpg,128,99,79,103
TD_IR_A_Set2,34,TD_IR_A_7.jpg,107,102,72,99
TD_IR_A_Set2,34,TD_IR_A_8.jpg,120,106,71,93
TD_IR_E_Set2,34,TD_IR_E_1.jpg,113,104,82,102
TD_IR_E_Set2,34,TD_IR_E_2.jpg,113,101,79,104
TD_IR_E_Set2,34,TD_IR_E_3.jpg,112,98,84,105
TD_IR_E_Set2,34,TD_IR_E_4.jpg,114,102,79,109
TD_IR_E_Set2,34,TD_IR_E_5.jpg,111,104,84,97
TD_IR_A_Set2,35,TD_IR_A_0.jpg,167,97,70,98
TD_IR_A_Set2,35,TD_IR_A_1.jpg,167,99,79,100
TD_IR_A_Set2,35,TD_IR_A_2.jpg,169,95,85,104
TD_IR_A_Set2,35,TD_IR_A_3.jpg,141,97,88,107
TD_IR_A_Set2,35,TD_IR_A_4.jpg,139,94,85,109
TD_IR_A_Set2,35,TD_IR_A_5.jpg,135,105,82,98
TD_IR_A_Set2,35,TD_IR_A_6.jpg,136,97,84,105
TD_IR_A_Set2,35,TD_IR_A_7.jpg,132,102,79,100
TD_IR_A_Set2,35,TD_IR_A_8.jpg,115,108,68,91
TD_IR_E_Set2,35,TD_IR_E_1.jpg,108,98,81,101
TD_IR_E_Set2,35,TD_IR_E_2.jpg,107,96,81,103
TD_IR_E_Set2,35,TD_IR_E_3.jpg,103,101,85,97
TD_IR_E_Set2,35,TD_IR_E_4.jpg,107,88,81,107
TD_IR_E_Set2,35,TD_IR_E_5.jpg,104,93,91,105
TD_IR_A_Set2,36,TD_IR_A_0.jpg,175,88,72,110
TD_IR_A_Set2,36,TD_IR_A_1.jpg,177,97,77,104
TD_IR_A_Set2,36,TD_IR_A_2.jpg,144,95,83,105
TD_IR_A_Set2,36,TD_IR_A_3.jpg,164,104,83,103
TD_IR_A_Set2,36,TD_IR_A_4.jpg,135,94,83,116
TD_IR_A_Set2,36,TD_IR_A_5.jpg,136,100,88,110
TD_IR_A_Set2,36,TD_IR_A_6.jpg,139,102,85,108
TD_IR_A_Set2,36,TD_IR_A_7.jpg,125,106,82,105
TD_IR_A_Set2,36,TD_IR_A_8.jpg,123,108,74,101
TD_IR_E_Set2,36,TD_IR_E_1.jpg,135,93,85,109
TD_IR_E_Set2,36,TD_IR_E_2.jpg,136,89,84,105
TD_IR_E_Set2,36,TD_IR_E_3.jpg,135,88,85,111
TD_IR_E_Set2,36,TD_IR_E_4.jpg,136,85,86,129
TD_IR_E_Set2,36,TD_IR_E_5.jpg,135,89,88,109
TD_IR_A_Set2,37,TD_IR_A_0.jpg,259,101,57,93
TD_IR_A_Set2,37,TD_IR_A_1.jpg,254,92,66,108
TD_IR_A_Set2,37,TD_IR_A_2.jpg,218,82,75,119
TD_IR_A_Set2,37,TD_IR_A_3.jpg,184,102,89,107
TD_IR_A_Set2,37,TD_IR_A_4.jpg,112,94,91,121
TD_IR_A_Set2,37,TD_IR_A_5.jpg,116,93,92,120
TD_IR_A_Set2,37,TD_IR_A_6.jpg,112,106,81,106
TD_IR_A_Set2,37,TD_IR_A_7.jpg,92,107,75,99
TD_IR_A_Set2,37,TD_IR_A_8.jpg,61,109,73,94
TD_IR_E_Set2,37,TD_IR_E_1.jpg,131,75,88,114
TD_IR_E_Set2,37,TD_IR_E_2.jpg,133,72,88,120
TD_IR_E_Set2,37,TD_IR_E_3.jpg,131,70,86,119
TD_IR_E_Set2,37,TD_IR_E_4.jpg,129,76,84,116
TD_IR_E_Set2,37,TD_IR_E_5.jpg,127,66,85,114
TD_IR_A_Set2,38,TD_IR_A_0.jpg,130,47,73,102
TD_IR_A_Set2,38,TD_IR_A_1.jpg,152,47,75,104
TD_IR_A_Set2,38,TD_IR_A_2.jpg,127,46,80,102
TD_IR_A_Set2,38,TD_IR_A_3.jpg,135,49,77,99
TD_IR_A_Set2,38,TD_IR_A_4.jpg,138,47,77,115
TD_IR_A_Set2,38,TD_IR_A_5.jpg,135,49,74,115
TD_IR_A_Set2,38,TD_IR_A_6.jpg,130,51,78,105
TD_IR_A_Set2,38,TD_IR_A_7.jpg,153,52,78,102
TD_IR_A_Set2,38,TD_IR_A_8.jpg,134,63,74,93
TD_IR_E_Set2,38,TD_IR_E_1.jpg,142,50,78,112
TD_IR_E_Set2,38,TD_IR_E_2.jpg,143,52,77,106
TD_IR_E_Set2,38,TD_IR_E_3.jpg,143,54,76,104
TD_IR_E_Set2,38,TD_IR_E_4.jpg,142,57,80,105
TD_IR_E_Set2,38,TD_IR_E_5.jpg,138,55,79,106
TD_IR_A_Set2,39,TD_IR_A_0.jpg,206,67,70,109
TD_IR_A_Set2,39,TD_IR_A_1.jpg,210,69,75,112
TD_IR_A_Set2,39,TD_IR_A_2.jpg,170,58,90,122
TD_IR_A_Set2,39,TD_IR_A_3.jpg,149,59,96,127
TD_IR_A_Set2,39,TD_IR_A_4.jpg,107,65,99,124
TD_IR_A_Set2,39,TD_IR_A_5.jpg,98,68,99,124
TD_IR_A_Set2,39,TD_IR_A_6.jpg,88,68,89,119
TD_IR_A_Set2,39,TD_IR_A_7.jpg,80,73,82,113
TD_IR_A_Set2,39,TD_IR_A_8.jpg,70,74,71,106
TD_IR_E_Set2,39,TD_IR_E_1.jpg,124,65,100,130
TD_IR_E_Set2,39,TD_IR_E_2.jpg,122,67,101,129
TD_IR_E_Set2,39,TD_IR_E_3.jpg,125,69,97,125
TD_IR_E_Set2,39,TD_IR_E_4.jpg,124,63,100,140
TD_IR_E_Set2,39,TD_IR_E_5.jpg,122,61,100,127
TD_IR_A_Set2,40,TD_IR_A_0.jpg,197,60,71,107
TD_IR_A_Set2,40,TD_IR_A_1.jpg,190,66,74,105
TD_IR_A_Set2,40,TD_IR_A_2.jpg,166,64,76,105
TD_IR_A_Set2,40,TD_IR_A_3.jpg,157,64,78,107
TD_IR_A_Set2,40,TD_IR_A_4.jpg,120,55,79,122
TD_IR_A_Set2,40,TD_IR_A_5.jpg,139,66,78,108
TD_IR_A_Set2,40,TD_IR_A_6.jpg,117,73,78,103
TD_IR_A_Set2,40,TD_IR_A_7.jpg,104,76,75,100
TD_IR_A_Set2,40,TD_IR_A_8.jpg,105,76,70,99
TD_IR_E_Set2,40,TD_IR_E_1.jpg,132,75,81,102
TD_IR_E_Set2,40,TD_IR_E_2.jpg,131,64,82,113
TD_IR_E_Set2,40,TD_IR_E_3.jpg,133,77,79,100
TD_IR_E_Set2,40,TD_IR_E_4.jpg,132,69,80,110
TD_IR_E_Set2,40,TD_IR_E_5.jpg,129,70,82,103
TD_IR_A_Set2,41,TD_IR_A_0.jpg,192,45,79,103
TD_IR_A_Set2,41,TD_IR_A_1.jpg,192,42,83,113
TD_IR_A_Set2,41,TD_IR_A_2.jpg,168,41,87,114
TD_IR_A_Set2,41,TD_IR_A_3.jpg,168,42,90,121
TD_IR_A_Set2,41,TD_IR_A_4.jpg,131,40,93,123
TD_IR_A_Set2,41,TD_IR_A_5.jpg,119,46,90,106
TD_IR_A_Set2,41,TD_IR_A_6.jpg,136,48,87,110
TD_IR_A_Set2,41,TD_IR_A_7.jpg,111,46,87,114
TD_IR_A_Set2,41,TD_IR_A_8.jpg,126,65,76,96
TD_IR_E_Set2,41,TD_IR_E_1.jpg,128,43,94,124
TD_IR_E_Set2,41,TD_IR_E_2.jpg,131,51,90,117
TD_IR_E_Set2,41,TD_IR_E_3.jpg,130,57,92,107
TD_IR_E_Set2,41,TD_IR_E_4.jpg,125,53,94,118
TD_IR_E_Set2,41,TD_IR_E_5.jpg,130,49,95,112
TD_IR_A_Set2,42,TD_IR_A_0.jpg,184,40,52,89
TD_IR_A_Set2,42,TD_IR_A_1.jpg,205,42,57,90
TD_IR_A_Set2,42,TD_IR_A_2.jpg,185,29,73,96
TD_IR_A_Set2,42,TD_IR_A_3.jpg,172,34,78,96
TD_IR_A_Set2,42,TD_IR_A_4.jpg,163,33,80,97
TD_IR_A_Set2,42,TD_IR_A_5.jpg,139,29,86,103
TD_IR_A_Set2,42,TD_IR_A_6.jpg,154,33,67,99
TD_IR_A_Set2,42,TD_IR_A_7.jpg,134,43,60,92
TD_IR_A_Set2,42,TD_IR_A_8.jpg,131,40,61,97
TD_IR_E_Set2,42,TD_IR_E_1.jpg,122,64,78,92
TD_IR_E_Set2,42,TD_IR_E_2.jpg,122,57,76,98
TD_IR_E_Set2,42,TD_IR_E_3.jpg,123,62,79,95
TD_IR_E_Set2,42,TD_IR_E_4.jpg,120,61,77,100
TD_IR_E_Set2,42,TD_IR_E_5.jpg,123,62,73,90
TD_IR_A_Set2,43,TD_IR_A_0.jpg,212,55,74,102
TD_IR_A_Set2,43,TD_IR_A_1.jpg,195,62,83,103
TD_IR_A_Set2,43,TD_IR_A_2.jpg,172,46,88,118
TD_IR_A_Set2,43,TD_IR_A_3.jpg,140,39,97,130
TD_IR_A_Set2,43,TD_IR_A_4.jpg,92,59,102,112
TD_IR_A_Set2,43,TD_IR_A_5.jpg,73,48,92,124
TD_IR_A_Set2,43,TD_IR_A_6.jpg,74,46,86,125
TD_IR_A_Set2,43,TD_IR_A_7.jpg,43,50,78,121
TD_IR_A_Set2,43,TD_IR_A_8.jpg,54,61,75,108
TD_IR_E_Set2,43,TD_IR_E_1.jpg,117,57,96,117
TD_IR_E_Set2,43,TD_IR_E_2.jpg,114,47,96,129
TD_IR_E_Set2,43,TD_IR_E_3.jpg,118,47,95,124
TD_IR_E_Set2,43,TD_IR_E_4.jpg,122,49,93,130
TD_IR_E_Set2,43,TD_IR_E_5.jpg,114,48,99,123
TD_IR_A_Set2,44,TD_IR_A_0.jpg,155,59,69,104
TD_IR_A_Set2,44,TD_IR_A_1.jpg,118,60,74,104
TD_IR_A_Set2,44,TD_IR_A_2.jpg,135,54,77,107
TD_IR_A_Set2,44,TD_IR_A_3.jpg,139,64,77,104
TD_IR_A_Set2,44,TD_IR_A_4.jpg,107,71,76,99
TD_IR_A_Set2,44,TD_IR_A_5.jpg,117,66,77,103
TD_IR_A_Set2,44,TD_IR_A_6.jpg,135,67,77,102
TD_IR_A_Set2,44,TD_IR_A_7.jpg,132,72,73,96
TD_IR_A_Set2,44,TD_IR_A_8.jpg,147,78,68,92
TD_IR_E_Set2,44,TD_IR_E_1.jpg,136,64,78,103
TD_IR_E_Set2,44,TD_IR_E_2.jpg,137,65,74,104
TD_IR_E_Set2,44,TD_IR_E_3.jpg,137,64,75,105
TD_IR_E_Set2,44,TD_IR_E_4.jpg,136,63,74,112
TD_IR_E_Set2,44,TD_IR_E_5.jpg,134,70,76,97
TD_IR_A_Set2,45,TD_IR_A_0.jpg,186,83,77,103
TD_IR_A_Set2,45,TD_IR_A_1.jpg,200,92,75,99
TD_IR_A_Set2,45,TD_IR_A_2.jpg,174,88,79,103
TD_IR_A_Set2,45,TD_IR_A_3.jpg,160,86,81,111
TD_IR_A_Set2,45,TD_IR_A_4.jpg,136,88,84,113
TD_IR_A_Set2,45,TD_IR_A_5.jpg,133,91,86,109
TD_IR_A_Set2,45,TD_IR_A_6.jpg,159,89,81,109
TD_IR_A_Set2,45,TD_IR_A_7.jpg,139,97,82,100
TD_IR_A_Set2,45,TD_IR_A_8.jpg,131,94,78,102
TD_IR_E_Set2,45,TD_IR_E_1.jpg,132,100,83,104
TD_IR_E_Set2,45,TD_IR_E_2.jpg,133,100,80,106
TD_IR_E_Set2,45,TD_IR_E_3.jpg,132,102,85,101
TD_IR_E_Set2,45,TD_IR_E_4.jpg,129,94,85,113
TD_IR_E_Set2,45,TD_IR_E_5.jpg,131,102,85,104
TD_IR_A_Set2,46,TD_IR_A_0.jpg,166,66,66,106
TD_IR_A_Set2,46,TD_IR_A_1.jpg,170,68,80,106
TD_IR_A_Set2,46,TD_IR_A_2.jpg,130,60,84,111
TD_IR_A_Set2,46,TD_IR_A_3.jpg,135,67,87,108
TD_IR_A_Set2,46,TD_IR_A_4.jpg,125,66,84,109
TD_IR_A_Set2,46,TD_IR_A_5.jpg,124,71,74,106
TD_IR_A_Set2,46,TD_IR_A_6.jpg,120,72,60,106
TD_IR_A_Set2,46,TD_IR_A_7.jpg,124,78,50,100
TD_IR_A_Set2,46,TD_IR_A_8.jpg,113,86,45,92
TD_IR_E_Set2,46,TD_IR_E_1.jpg,124,72,81,109
TD_IR_E_Set2,46,TD_IR_E_2.jpg,122,74,84,105
TD_IR_E_Set2,46,TD_IR_E_3.jpg,121,72,82,105
TD_IR_E_Set2,46,TD_IR_E_4.jpg,122,71,84,113
TD_IR_E_Set2,46,TD_IR_E_5.jpg,125,71,81,105
TD_IR_A_Set2,48,TD_IR_A_0.jpg,142,65,77,97
TD_IR_A_Set2,48,TD_IR_A_1.jpg,151,68,78,94
TD_IR_A_Set2,48,TD_IR_A_2.jpg,139,67,86,93
TD_IR_A_Set2,48,TD_IR_A_3.jpg,152,63,86,97
TD_IR_A_Set2,48,TD_IR_A_4.jpg,146,60,85,104
TD_IR_A_Set2,48,TD_IR_A_5.jpg,169,52,82,116
TD_IR_A_Set2,48,TD_IR_A_6.jpg,155,64,82,102
TD_IR_A_Set2,48,TD_IR_A_7.jpg,163,62,74,106
TD_IR_E_Set2,48,TD_IR_E_1.jpg,132,63,88,110
TD_IR_E_Set2,48,TD_IR_E_2.jpg,135,67,85,101
TD_IR_E_Set2,48,TD_IR_E_3.jpg,135,62,86,111
TD_IR_E_Set2,48,TD_IR_E_4.jpg,134,59,83,93
TD_IR_E_Set2,48,TD_IR_E_5.jpg,137,66,84,105
TD_IR_A_Set2,49,TD_IR_A_0.jpg,232,56,40,106
TD_IR_A_Set2,49,TD_IR_A_1.jpg,201,56,61,109
TD_IR_A_Set2,49,TD_IR_A_2.jpg,157,52,85,116
TD_IR_A_Set2,49,TD_IR_A_3.jpg,150,52,78,120
TD_IR_A_Set2,49,TD_IR_A_4.jpg,98,56,87,120
TD_IR_A_Set2,49,TD_IR_A_5.jpg,80,58,80,118
TD_IR_A_Set2,49,TD_IR_A_6.jpg,62,65,71,111
TD_IR_A_Set2,49,TD_IR_A_7.jpg,63,68,57,107
TD_IR_A_Set2,49,TD_IR_A_8.jpg,31,72,42,102
TD_IR_E_Set2,49,TD_IR_E_1.jpg,122,55,80,114
TD_IR_E_Set2,49,TD_IR_E_2.jpg,118,52,87,122
TD_IR_E_Set2,49,TD_IR_E_3.jpg,121,55,82,116
TD_IR_E_Set2,49,TD_IR_E_4.jpg,124,53,78,128
TD_IR_E_Set2,49,TD_IR_E_5.jpg,114,55,92,113
TD_IR_A_Set2,50,TD_IR_A_0.jpg,179,78,78,109
TD_IR_A_Set2,50,TD_IR_A_1.jpg,167,74,87,118
TD_IR_A_Set2,50,TD_IR_A_2.jpg,143,64,89,125
TD_IR_A_Set2,50,TD_IR_A_3.jpg,133,68,90,125
TD_IR_A_Set2,50,TD_IR_A_4.jpg,118,67,91,121
TD_IR_A_Set2,50,TD_IR_A_5.jpg,101,77,92,116
TD_IR_A_Set2,50,TD_IR_A_6.jpg,126,72,88,126
TD_IR_A_Set2,50,TD_IR_A_7.jpg,128,82,84,117
TD_IR_A_Set2,50,TD_IR_A_8.jpg,105,82,78,117
TD_IR_E_Set2,50,TD_IR_E_1.jpg,113,65,94,116
TD_IR_E_Set2,50,TD_IR_E_2.jpg,111,71,96,122
TD_IR_E_Set2,50,TD_IR_E_3.jpg,111,64,92,124
TD_IR_E_Set2,50,TD_IR_E_4.jpg,111,62,94,136
TD_IR_E_Set2,50,TD_IR_E_5.jpg,119,70,96,123
TD_IR_A_Set3,51,TD_IR_A_0.jpg,179,41,71,99
TD_IR_A_Set3,51,TD_IR_A_1.jpg,176,47,69,99
TD_IR_A_Set3,51,TD_IR_A_2.jpg,144,36,81,107
TD_IR_A_Set3,51,TD_IR_A_3.jpg,155,38,87,111
TD_IR_A_Set3,51,TD_IR_A_4.jpg,109,38,85,112
TD_IR_A_Set3,51,TD_IR_A_5.jpg,104,39,87,114
TD_IR_A_Set3,51,TD_IR_A_6.jpg,115,41,82,111
TD_IR_A_Set3,51,TD_IR_A_7.jpg,98,47,77,104
TD_IR_A_Set3,51,TD_IR_A_8.jpg,82,47,70,105
TD_IR_E_Set3,51,TD_IR_E_1.jpg,109,70,84,98
TD_IR_E_Set3,51,TD_IR_E_2.jpg,112,65,81,104
TD_IR_E_Set3,51,TD_IR_E_3.jpg,111,68,80,100
TD_IR_E_Set3,51,TD_IR_E_4.jpg,114,64,78,112
TD_IR_E_Set3,51,TD_IR_E_5.jpg,110,63,84,104
TD_IR_A_Set3,52,TD_IR_A_0.jpg,181,59,76,106
TD_IR_A_Set3,52,TD_IR_A_1.jpg,157,60,80,110
TD_IR_A_Set3,52,TD_IR_A_2.jpg,166,55,84,112
TD_IR_A_Set3,52,TD_IR_A_3.jpg,145,56,86,116
TD_IR_A_Set3,52,TD_IR_A_4.jpg,117,56,87,118
TD_IR_A_Set3,52,TD_IR_A_5.jpg,135,56,84,119
TD_IR_A_Set3,52,TD_IR_A_6.jpg,136,65,83,109
TD_IR_A_Set3,52,TD_IR_A_7.jpg,129,61,79,113
TD_IR_A_Set3,52,TD_IR_A_8.jpg,122,67,76,107
TD_IR_E_Set3,52,TD_IR_E_1.jpg,132,52,91,112
TD_IR_E_Set3,52,TD_IR_E_2.jpg,136,53,87,114
TD_IR_E_Set3,52,TD_IR_E_3.jpg,138,51,86,117
TD_IR_E_Set3,52,TD_IR_E_4.jpg,139,45,86,126
TD_IR_E_Set3,52,TD_IR_E_5.jpg,141,47,85,116
TD_IR_A_Set3,53,TD_IR_A_0.jpg,154,58,73,99
TD_IR_A_Set3,53,TD_IR_A_1.jpg,141,58,69,102
TD_IR_A_Set3,53,TD_IR_A_2.jpg,137,53,77,101
TD_IR_A_Set3,53,TD_IR_A_3.jpg,124,60,81,101
TD_IR_A_Set3,53,TD_IR_A_4.jpg,122,55,77,107
TD_IR_A_Set3,53,TD_IR_A_5.jpg,143,55,79,107
TD_IR_A_Set3,53,TD_IR_A_6.jpg,144,61,80,98
TD_IR_A_Set3,53,TD_IR_A_7.jpg,141,61,76,100
TD_IR_A_Set3,53,TD_IR_A_8.jpg,134,66,72,98
TD_IR_E_Set3,53,TD_IR_E_1.jpg,129,64,79,97
TD_IR_E_Set3,53,TD_IR_E_2.jpg,130,57,75,104
TD_IR_E_Set3,53,TD_IR_E_3.jpg,127,55,79,109
TD_IR_E_Set3,53,TD_IR_E_4.jpg,127,58,78,109
TD_IR_E_Set3,53,TD_IR_E_5.jpg,128,59,78,108
TD_IR_A_Set3,54,TD_IR_A_0.jpg,202,72,76,102
TD_IR_A_Set3,54,TD_IR_A_1.jpg,205,72,82,104
TD_IR_A_Set3,54,TD_IR_A_2.jpg,177,81,86,103
TD_IR_A_Set3,54,TD_IR_A_3.jpg,137,74,88,114
TD_IR_A_Set3,54,TD_IR_A_4.jpg,141,76,85,105
TD_IR_A_Set3,54,TD_IR_A_5.jpg,127,81,86,101
TD_IR_A_Set3,54,TD_IR_A_6.jpg,127,88,75,94
TD_IR_A_Set3,54,TD_IR_A_7.jpg,120,82,68,99
TD_IR_A_Set3,54,TD_IR_A_8.jpg,124,85,79,95
TD_IR_E_Set3,54,TD_IR_E_1.jpg,123,72,89,114
TD_IR_E_Set3,54,TD_IR_E_2.jpg,118,69,98,115
TD_IR_E_Set3,54,TD_IR_E_3.jpg,121,71,91,117
TD_IR_E_Set3,54,TD_IR_E_4.jpg,126,77,89,119
TD_IR_E_Set3,54,TD_IR_E_5.jpg,127,71,86,108
TD_IR_A_Set3,55,TD_IR_A_0.jpg,235,72,71,99
TD_IR_A_Set3,55,TD_IR_A_1.jpg,208,60,89,116
TD_IR_A_Set3,55,TD_IR_A_2.jpg,169,63,89,111
TD_IR_A_Set3,55,TD_IR_A_3.jpg,172,60,100,119
TD_IR_A_Set3,55,TD_IR_A_4.jpg,134,67,88,119
TD_IR_A_Set3,55,TD_IR_A_5.jpg,108,66,93,119
TD_IR_A_Set3,55,TD_IR_A_6.jpg,103,70,89,115
TD_IR_A_Set3,55,TD_IR_A_7.jpg,72,80,75,105
TD_IR_A_Set3,55,TD_IR_A_8.jpg,65,68,70,114
TD_IR_E_Set3,55,TD_IR_E_1.jpg,148,104,88,106
TD_IR_E_Set3,55,TD_IR_E_2.jpg,151,95,84,113
TD_IR_E_Set3,55,TD_IR_E_3.jpg,152,94,85,113
TD_IR_E_Set3,55,TD_IR_E_4.jpg,149,86,86,126
TD_IR_E_Set3,55,TD_IR_E_5.jpg,149,91,88,109
TD_IR_A_Set3,56,TD_IR_A_0.jpg,238,67,65,103
TD_IR_A_Set3,56,TD_IR_A_1.jpg,258,66,54,107
TD_IR_A_Set3,56,TD_IR_A_2.jpg,214,58,78,117
TD_IR_A_Set3,56,TD_IR_A_3.jpg,178,53,92,127
TD_IR_A_Set3,56,TD_IR_A_4.jpg,128,57,99,126
TD_IR_A_Set3,56,TD_IR_A_5.jpg,117,55,98,127
TD_IR_A_Set3,56,TD_IR_A_6.jpg,112,67,88,115
TD_IR_A_Set3,56,TD_IR_A_7.jpg,85,67,76,114
TD_IR_A_Set3,56,TD_IR_A_8.jpg,63,86,53,93
TD_IR_E_Set3,56,TD_IR_E_1.jpg,117,72,87,113
TD_IR_E_Set3,56,TD_IR_E_2.jpg,114,62,91,125
TD_IR_E_Set3,56,TD_IR_E_3.jpg,114,66,91,124
TD_IR_E_Set3,56,TD_IR_E_4.jpg,119,68,88,118
TD_IR_E_Set3,56,TD_IR_E_5.jpg,124,70,99,121
TD_IR_A_Set3,57,TD_IR_A_0.jpg,177,72,80,103
TD_IR_A_Set3,57,TD_IR_A_1.jpg,182,67,79,111
TD_IR_A_Set3,57,TD_IR_A_2.jpg,156,60,83,117
TD_IR_A_Set3,57,TD_IR_A_3.jpg,166,66,84,117
TD_IR_A_Set3,57,TD_IR_A_4.jpg,126,63,84,126
TD_IR_A_Set3,57,TD_IR_A_5.jpg,117,69,86,115
TD_IR_A_Set3,57,TD_IR_A_6.jpg,137,71,82,115
TD_IR_A_Set3,57,TD_IR_A_7.jpg,134,69,82,119
TD_IR_A_Set3,57,TD_IR_A_8.jpg,123,69,81,115
TD_IR_E_Set3,57,TD_IR_E_1.jpg,122,67,82,120
TD_IR_E_Set3,57,TD_IR_E_2.jpg,121,67,83,115
TD_IR_E_Set3,57,TD_IR_E_3.jpg,121,71,82,111
TD_IR_E_Set3,57,TD_IR_E_4.jpg,120,63,84,137
TD_IR_E_Set3,57,TD_IR_E_5.jpg,118,72,81,117
TD_IR_A_Set3,58,TD_IR_A_0.jpg,178,51,78,109
TD_IR_A_Set3,58,TD_IR_A_1.jpg,183,52,79,104
TD_IR_A_Set3,58,TD_IR_A_2.jpg,164,39,88,121
TD_IR_A_Set3,58,TD_IR_A_3.jpg,152,43,92,108
TD_IR_A_Set3,58,TD_IR_A_4.jpg,132,40,96,115
TD_IR_A_Set3,58,TD_IR_A_5.jpg,139,42,90,123
TD_IR_A_Set3,58,TD_IR_A_6.jpg,153,47,92,121
TD_IR_A_Set3,58,TD_IR_A_7.jpg,122,52,88,111
TD_IR_A_Set3,58,TD_IR_A_8.jpg,108,63,81,97
TD_IR_E_Set3,58,TD_IR_E_1.jpg,125,47,88,122
TD_IR_E_Set3,58,TD_IR_E_2.jpg,122,48,97,122
TD_IR_E_Set3,58,TD_IR_E_3.jpg,125,56,92,111
TD_IR_E_Set3,58,TD_IR_E_4.jpg,125,44,90,114
TD_IR_E_Set3,58,TD_IR_E_5.jpg,126,51,96,105
TD_IR_A_Set3,59,TD_IR_A_0.jpg,153,104,67,88
TD_IR_A_Set3,59,TD_IR_A_1.jpg,149,107,67,88
TD_IR_A_Set3,59,TD_IR_A_2.jpg,136,99,72,95
TD_IR_A_Set3,59,TD_IR_A_3.jpg,147,107,77,91
TD_IR_A_Set3,59,TD_IR_A_4.jpg,134,103,73,92
TD_IR_A_Set3,59,TD_IR_A_5.jpg,159,110,77,92
TD_IR_A_Set3,59,TD_IR_A_6.jpg,140,111,78,89
TD_IR_A_Set3,59,TD_IR_A_7.jpg,151,110,66,90
TD_IR_A_Set3,59,TD_IR_A_8.jpg,145,116,70,84
TD_IR_E_Set3,59,TD_IR_E_1.jpg,124,114,73,91
TD_IR_E_Set3,59,TD_IR_E_2.jpg,124,113,75,92
TD_IR_E_Set3,59,TD_IR_E_3.jpg,124,109,74,94
TD_IR_E_Set3,59,TD_IR_E_4.jpg,121,104,77,106
TD_IR_E_Set3,59,TD_IR_E_5.jpg,123,107,78,92
TD_IR_A_Set3,60,TD_IR_A_0.jpg,148,51,71,102
TD_IR_A_Set3,60,TD_IR_A_1.jpg,168,45,77,111
TD_IR_A_Set3,60,TD_IR_A_2.jpg,171,47,85,106
TD_IR_A_Set3,60,TD_IR_A_3.jpg,171,53,85,106
TD_IR_A_Set3,60,TD_IR_A_4.jpg,139,51,84,107
TD_IR_A_Set3,60,TD_IR_A_5.jpg,132,51,82,109
TD_IR_A_Set3,60,TD_IR_A_6.jpg,149,55,83,105
TD_IR_A_Set3,60,TD_IR_A_7.jpg,147,52,78,109
TD_IR_A_Set3,60,TD_IR_A_8.jpg,151,60,69,101
TD_IR_E_Set3,60,TD_IR_E_1.jpg,149,51,84,112
TD_IR_E_Set3,60,TD_IR_E_2.jpg,149,53,85,109
TD_IR_E_Set3,60,TD_IR_E_3.jpg,151,57,80,104
TD_IR_E_Set3,60,TD_IR_E_4.jpg,149,50,81,116
TD_IR_E_Set3,60,TD_IR_E_5.jpg,148,51,84,112
TD_IR_A_Set3,61,TD_IR_A_0.jpg,174,86,48,89
TD_IR_A_Set3,61,TD_IR_A_1.jpg,165,85,53,91
TD_IR_A_Set3,61,TD_IR_A_2.jpg,182,81,62,96
TD_IR_A_Set3,61,TD_IR_A_3.jpg,160,85,67,99
TD_IR_A_Set3,61,TD_IR_A_4.jpg,142,87,71,100
TD_IR_A_Set3,61,TD_IR_A_5.jpg,163,87,72,99
TD_IR_A_Set3,61,TD_IR_A_6.jpg,159,88,66,97
TD_IR_A_Set3,61,TD_IR_A_7.jpg,151,93,64,92
TD_IR_A_Set3,61,TD_IR_A_8.jpg,153,94,51,87
TD_IR_E_Set3,61,TD_IR_E_1.jpg,151,92,71,97
TD_IR_E_Set3,61,TD_IR_E_2.jpg,149,85,73,104
TD_IR_E_Set3,61,TD_IR_E_3.jpg,150,84,72,106
TD_IR_E_Set3,61,TD_IR_E_4.jpg,150,83,71,106
TD_IR_E_Set3,61,TD_IR_E_5.jpg,146,85,78,99
TD_IR_A_Set3,62,TD_IR_A_0.jpg,181,71,76,98
TD_IR_A_Set3,62,TD_IR_A_1.jpg,192,76,81,102
TD_IR_A_Set3,62,TD_IR_A_2.jpg,175,70,88,105
TD_IR_A_Set3,62,TD_IR_A_3.jpg,169,71,86,115
TD_IR_A_Set3,62,TD_IR_A_4.jpg,150,74,85,108
TD_IR_A_Set3,62,TD_IR_A_5.jpg,149,70,85,110
TD_IR_A_Set3,62,TD_IR_A_6.jpg,151,71,84,113
TD_IR_A_Set3,62,TD_IR_A_7.jpg,126,82,81,101
TD_IR_A_Set3,62,TD_IR_A_8.jpg,112,88,76,95
TD_IR_E_Set3,62,TD_IR_E_1.jpg,145,66,86,110
TD_IR_E_Set3,62,TD_IR_E_2.jpg,145,74,86,98
TD_IR_E_Set3,62,TD_IR_E_3.jpg,145,69,85,109
TD_IR_E_Set3,62,TD_IR_E_4.jpg,142,61,88,126
TD_IR_E_Set3,62,TD_IR_E_5.jpg,138,72,91,116
TD_IR_A_Set3,63,TD_IR_A_0.jpg,205,72,70,98
TD_IR_A_Set3,63,TD_IR_A_1.jpg,199,65,74,111
TD_IR_A_Set3,63,TD_IR_A_2.jpg,178,60,85,113
TD_IR_A_Set3,63,TD_IR_A_3.jpg,167,60,89,122
TD_IR_A_Set3,63,TD_IR_A_4.jpg,131,65,83,117
TD_IR_A_Set3,63,TD_IR_A_5.jpg,134,67,90,110
TD_IR_A_Set3,63,TD_IR_A_6.jpg,144,65,86,115
TD_IR_A_Set3,63,TD_IR_A_7.jpg,127,80,78,102
TD_IR_A_Set3,63,TD_IR_A_8.jpg,120,73,74,108
TD_IR_E_Set3,63,TD_IR_E_1.jpg,146,67,80,120
TD_IR_E_Set3,63,TD_IR_E_2.jpg,143,77,83,109
TD_IR_E_Set3,63,TD_IR_E_3.jpg,142,71,82,114
TD_IR_E_Set3,63,TD_IR_E_4.jpg,142,70,83,123
TD_IR_E_Set3,63,TD_IR_E_5.jpg,133,74,89,113
TD_IR_A_Set3,64,TD_IR_A_0.jpg,204,66,73,104
TD_IR_A_Set3,64,TD_IR_A_1.jpg,187,59,77,115
TD_IR_A_Set3,64,TD_IR_A_2.jpg,159,53,84,120
TD_IR_A_Set3,64,TD_IR_A_3.jpg,149,64,89,114
TD_IR_A_Set3,64,TD_IR_A_4.jpg,110,62,89,119
TD_IR_A_Set3,64,TD_IR_A_5.jpg,128,63,91,118
TD_IR_A_Set3,64,TD_IR_A_6.jpg,91,68,81,113
TD_IR_A_Set3,64,TD_IR_A_7.jpg,88,74,79,107
TD_IR_A_Set3,64,TD_IR_A_8.jpg,87,78,75,99
TD_IR_E_Set3,64,TD_IR_E_1.jpg,124,66,92,118
TD_IR_E_Set3,64,TD_IR_E_2.jpg,120,60,94,123
TD_IR_E_Set3,64,TD_IR_E_3.jpg,125,63,89,121
TD_IR_E_Set3,64,TD_IR_E_4.jpg,122,63,89,128
TD_IR_E_Set3,64,TD_IR_E_5.jpg,120,67,92,113
TD_IR_A_Set3,65,TD_IR_A_0.jpg,184,86,76,97
TD_IR_A_Set3,65,TD_IR_A_1.jpg,163,90,77,100
TD_IR_A_Set3,65,TD_IR_A_2.jpg,156,82,78,103
TD_IR_A_Set3,65,TD_IR_A_3.jpg,156,89,78,104
TD_IR_A_Set3,65,TD_IR_A_4.jpg,130,93,74,100
TD_IR_A_Set3,65,TD_IR_A_5.jpg,122,96,78,100
TD_IR_A_Set3,65,TD_IR_A_6.jpg,120,94,77,97
TD_IR_A_Set3,65,TD_IR_A_7.jpg,105,99,73,94
TD_IR_A_Set3,65,TD_IR_A_8.jpg,107,97,71,95
TD_IR_E_Set3,65,TD_IR_E_1.jpg,122,88,84,106
TD_IR_E_Set3,65,TD_IR_E_2.jpg,126,89,75,105
TD_IR_E_Set3,65,TD_IR_E_3.jpg,123,90,84,104
TD_IR_E_Set3,65,TD_IR_E_4.jpg,124,89,81,112
TD_IR_E_Set3,65,TD_IR_E_5.jpg,128,95,82,98
TD_IR_A_Set3,66,TD_IR_A_0.jpg,177,74,69,94
TD_IR_A_Set3,66,TD_IR_A_1.jpg,165,75,68,97
TD_IR_A_Set3,66,TD_IR_A_2.jpg,165,61,85,111
TD_IR_A_Set3,66,TD_IR_A_3.jpg,176,66,87,110
TD_IR_A_Set3,66,TD_IR_A_4.jpg,137,64,87,116
TD_IR_A_Set3,66,TD_IR_A_5.jpg,139,74,86,97
TD_IR_A_Set3,66,TD_IR_A_6.jpg,164,75,78,96
TD_IR_A_Set3,66,TD_IR_A_7.jpg,134,77,75,104
TD_IR_A_Set3,66,TD_IR_A_8.jpg,139,83,73,91
TD_IR_E_Set3,66,TD_IR_E_1.jpg,138,68,89,116
TD_IR_E_Set3,66,TD_IR_E_2.jpg,138,79,89,101
TD_IR_E_Set3,66,TD_IR_E_3.jpg,136,71,93,106
TD_IR_E_Set3,66,TD_IR_E_4.jpg,134,68,96,118
TD_IR_E_Set3,66,TD_IR_E_5.jpg,137,76,94,115
TD_IR_A_Set3,67,TD_IR_A_0.jpg,214,78,63,89
TD_IR_A_Set3,67,TD_IR_A_1.jpg,184,68,73,104
TD_IR_A_Set3,67,TD_IR_A_2.jpg,155,66,83,106
TD_IR_A_Set3,67,TD_IR_A_3.jpg,176,64,87,114
TD_IR_A_Set3,67,TD_IR_A_4.jpg,158,67,87,118
TD_IR_A_Set3,67,TD_IR_A_5.jpg,153,68,85,116
TD_IR_A_Set3,67,TD_IR_A_6.jpg,156,70,83,111
TD_IR_A_Set3,67,TD_IR_A_7.jpg,135,72,76,106
TD_IR_A_Set3,67,TD_IR_A_8.jpg,128,78,73,101
TD_IR_E_Set3,67,TD_IR_E_1.jpg,140,70,85,118
TD_IR_E_Set3,67,TD_IR_E_2.jpg,140,62,86,116
TD_IR_E_Set3,67,TD_IR_E_3.jpg,141,70,85,111
TD_IR_E_Set3,67,TD_IR_E_4.jpg,141,66,77,125
TD_IR_E_Set3,67,TD_IR_E_5.jpg,141,68,84,106
TD_IR_A_Set3,68,TD_IR_A_0.jpg,180,66,76,103
TD_IR_A_Set3,68,TD_IR_A_1.jpg,172,66,79,105
TD_IR_A_Set3,68,TD_IR_A_2.jpg,183,59,83,109
TD_IR_A_Set3,68,TD_IR_A_3.jpg,157,61,85,116
TD_IR_A_Set3,68,TD_IR_A_4.jpg,149,62,86,114
TD_IR_A_Set3,68,TD_IR_A_5.jpg,134,66,83,111
TD_IR_A_Set3,68,TD_IR_A_6.jpg,148,66,79,111
TD_IR_A_Set3,68,TD_IR_A_7.jpg,137,77,80,98
TD_IR_A_Set3,68,TD_IR_A_8.jpg,131,73,75,102
TD_IR_E_Set3,68,TD_IR_E_1.jpg,126,64,86,116
TD_IR_E_Set3,68,TD_IR_E_2.jpg,125,63,87,120
TD_IR_E_Set3,68,TD_IR_E_3.jpg,124,66,88,115
TD_IR_E_Set3,68,TD_IR_E_4.jpg,123,63,88,123
TD_IR_E_Set3,68,TD_IR_E_5.jpg,123,63,86,118
TD_IR_A_Set3,69,TD_IR_A_0.jpg,178,58,71,100
TD_IR_A_Set3,69,TD_IR_A_1.jpg,159,61,74,102
TD_IR_A_Set3,69,TD_IR_A_2.jpg,160,54,80,107
TD_IR_A_Set3,69,TD_IR_A_3.jpg,171,60,81,106
TD_IR_A_Set3,69,TD_IR_A_4.jpg,131,61,79,109
TD_IR_A_Set3,69,TD_IR_A_5.jpg,168,63,78,107
TD_IR_A_Set3,69,TD_IR_A_6.jpg,160,63,82,105
TD_IR_A_Set3,69,TD_IR_A_7.jpg,159,67,81,103
TD_IR_A_Set3,69,TD_IR_A_8.jpg,153,71,73,98
TD_IR_E_Set3,69,TD_IR_E_1.jpg,144,64,81,108
TD_IR_E_Set3,69,TD_IR_E_2.jpg,146,59,80,114
TD_IR_E_Set3,69,TD_IR_E_3.jpg,144,62,82,111
TD_IR_E_Set3,69,TD_IR_E_4.jpg,145,60,82,118
TD_IR_E_Set3,69,TD_IR_E_5.jpg,145,59,82,111
TD_IR_A_Set3,70,TD_IR_A_0.jpg,184,80,73,96
TD_IR_A_Set3,70,TD_IR_A_1.jpg,146,83,72,97
TD_IR_A_Set3,70,TD_IR_A_2.jpg,164,78,71,98
TD_IR_A_Set3,70,TD_IR_A_3.jpg,172,83,76,99
TD_IR_A_Set3,70,TD_IR_A_4.jpg,143,82,76,101
TD_IR_A_Set3,70,TD_IR_A_5.jpg,159,81,74,104
TD_IR_A_Set3,70,TD_IR_A_6.jpg,161,83,74,101
TD_IR_A_Set3,70,TD_IR_A_7.jpg,161,86,75,98
TD_IR_A_Set3,70,TD_IR_A_8.jpg,150,86,74,98
TD_IR_E_Set3,70,TD_IR_E_1.jpg,139,81,78,106
TD_IR_E_Set3,70,TD_IR_E_2.jpg,142,84,77,103
TD_IR_E_Set3,70,TD_IR_E_3.jpg,142,83,78,105
TD_IR_E_Set3,70,TD_IR_E_4.jpg,141,77,79,117
TD_IR_E_Set3,70,TD_IR_E_5.jpg,140,80,81,104
TD_IR_A_Set3,71,TD_IR_A_0.jpg,138,67,69,101
TD_IR_A_Set3,71,TD_IR_A_1.jpg,160,71,76,100
TD_IR_A_Set3,71,TD_IR_A_2.jpg,139,63,78,108
TD_IR_A_Set3,71,TD_IR_A_3.jpg,171,67,81,108
TD_IR_A_Set3,71,TD_IR_A_4.jpg,159,67,75,108
TD_IR_A_Set3,71,TD_IR_A_5.jpg,152,69,78,107
TD_IR_A_Set3,71,TD_IR_A_6.jpg,151,67,79,109
TD_IR_A_Set3,71,TD_IR_A_7.jpg,149,69,79,107
TD_IR_A_Set3,71,TD_IR_A_8.jpg,151,75,75,102
TD_IR_E_Set3,71,TD_IR_E_1.jpg,126,67,79,109
TD_IR_E_Set3,71,TD_IR_E_2.jpg,126,64,82,114
TD_IR_E_Set3,71,TD_IR_E_3.jpg,128,72,78,106
TD_IR_E_Set3,71,TD_IR_E_4.jpg,123,68,84,120
TD_IR_E_Set3,71,TD_IR_E_5.jpg,122,62,83,110
TD_IR_A_Set3,72,TD_IR_A_0.jpg,176,67,69,92
TD_IR_A_Set3,72,TD_IR_A_1.jpg,178,64,73,101
TD_IR_A_Set3,72,TD_IR_A_2.jpg,167,60,86,103
TD_IR_A_Set3,72,TD_IR_A_3.jpg,164,65,88,107
TD_IR_A_Set3,72,TD_IR_A_4.jpg,134,68,90,109
TD_IR_A_Set3,72,TD_IR_A_5.jpg,153,64,86,112
TD_IR_A_Set3,72,TD_IR_A_6.jpg,140,75,84,100
TD_IR_A_Set3,72,TD_IR_A_7.jpg,110,72,80,101
TD_IR_A_Set3,72,TD_IR_A_8.jpg,96,77,72,97
TD_IR_E_Set3,72,TD_IR_E_1.jpg,121,66,84,114
TD_IR_E_Set3,72,TD_IR_E_2.jpg,119,63,90,114
TD_IR_E_Set3,72,TD_IR_E_3.jpg,124,66,83,113
TD_IR_E_Set3,72,TD_IR_E_4.jpg,119,66,91,123
TD_IR_E_Set3,72,TD_IR_E_5.jpg,117,65,90,115
TD_IR_A_Set3,73,TD_IR_A_0.jpg,167,66,72,101
TD_IR_A_Set3,73,TD_IR_A_1.jpg,171,65,78,104
TD_IR_A_Set3,73,TD_IR_A_2.jpg,169,56,89,112
TD_IR_A_Set3,73,TD_IR_A_3.jpg,145,62,89,115
TD_IR_A_Set3,73,TD_IR_A_4.jpg,148,63,85,114
TD_IR_A_Set3,73,TD_IR_A_5.jpg,143,63,85,113
TD_IR_A_Set3,73,TD_IR_A_6.jpg,125,64,85,109
TD_IR_A_Set3,73,TD_IR_A_7.jpg,119,68,83,109
TD_IR_A_Set3,73,TD_IR_A_8.jpg,105,75,74,100
TD_IR_E_Set3,73,TD_IR_E_1.jpg,127,62,87,114
TD_IR_E_Set3,73,TD_IR_E_2.jpg,119,63,96,121
TD_IR_E_Set3,73,TD_IR_E_3.jpg,135,68,79,106
TD_IR_E_Set3,73,TD_IR_E_4.jpg,123,61,90,127
TD_IR_E_Set3,73,TD_IR_E_5.jpg,129,59,87,118
TD_IR_A_Set3,74,TD_IR_A_0.jpg,185,63,70,95
TD_IR_A_Set3,74,TD_IR_A_1.jpg,186,68,72,92
TD_IR_A_Set3,74,TD_IR_A_2.jpg,175,51,76,107
TD_IR_A_Set3,74,TD_IR_A_3.jpg,160,59,79,104
TD_IR_A_Set3,74,TD_IR_A_4.jpg,171,56,77,114
TD_IR_A_Set3,74,TD_IR_A_5.jpg,158,57,76,111
TD_IR_A_Set3,74,TD_IR_A_6.jpg,147,66,77,100
TD_IR_A_Set3,74,TD_IR_A_7.jpg,117,62,76,109
TD_IR_A_Set3,74,TD_IR_A_8.jpg,109,70,72,100
TD_IR_E_Set3,74,TD_IR_E_1.jpg,130,55,77,110
TD_IR_E_Set3,74,TD_IR_E_2.jpg,131,58,77,109
TD_IR_E_Set3,74,TD_IR_E_3.jpg,132,61,75,109
TD_IR_E_Set3,74,TD_IR_E_4.jpg,132,60,76,115
TD_IR_E_Set3,74,TD_IR_E_5.jpg,133,59,77,109
TD_IR_A_Set3,75,TD_IR_A_0.jpg,167,53,72,103
TD_IR_A_Set3,75,TD_IR_A_1.jpg,149,62,78,96
TD_IR_A_Set3,75,TD_IR_A_2.jpg,160,54,83,107
TD_IR_A_Set3,75,TD_IR_A_3.jpg,162,59,85,103
TD_IR_A_Set3,75,TD_IR_A_4.jpg,156,50,85,101
TD_IR_A_Set3,75,TD_IR_A_5.jpg,163,45,87,105
TD_IR_A_Set3,75,TD_IR_A_6.jpg,168,43,83,110
TD_IR_A_Set3,75,TD_IR_A_7.jpg,150,60,81,95
TD_IR_A_Set3,75,TD_IR_A_8.jpg,126,52,75,102
TD_IR_E_Set3,75,TD_IR_E_1.jpg,119,54,84,93
TD_IR_E_Set3,75,TD_IR_E_2.jpg,118,49,88,99
TD_IR_E_Set3,75,TD_IR_E_3.jpg,120,47,83,110
TD_IR_E_Set3,75,TD_IR_E_4.jpg,120,50,82,108
TD_IR_E_Set3,75,TD_IR_E_5.jpg,129,49,81,112
TD_IR_A_Set4,76,TD_IR_A_0.jpg,181,100,70,98
TD_IR_A_Set4,76,TD_IR_A_1.jpg,182,103,72,100
TD_IR_A_Set4,76,TD_IR_A_2.jpg,151,95,80,109
TD_IR_A_Set4,76,TD_IR_A_3.jpg,168,98,82,113
TD_IR_A_Set4,76,TD_IR_A_4.jpg,145,103,86,108
TD_IR_A_Set4,76,TD_IR_A_5.jpg,143,102,87,110
TD_IR_A_Set4,76,TD_IR_A_6.jpg,115,106,83,107
TD_IR_A_Set4,76,TD_IR_A_7.jpg,103,107,79,104
TD_IR_A_Set4,76,TD_IR_A_8.jpg,109,111,69,98
TD_IR_E_Set4,76,TD_IR_E_1.jpg,131,96,79,111
TD_IR_E_Set4,76,TD_IR_E_2.jpg,125,95,86,113
TD_IR_E_Set4,76,TD_IR_E_3.jpg,131,106,80,104
TD_IR_E_Set4,76,TD_IR_E_4.jpg,129,96,82,114
TD_IR_E_Set4,76,TD_IR_E_5.jpg,122,94,90,114
TD_IR_A_Set4,77,TD_IR_A_0.jpg,175,83,70,87
TD_IR_A_Set4,77,TD_IR_A_1.jpg,169,82,71,93
TD_IR_A_Set4,77,TD_IR_A_2.jpg,148,81,76,95
TD_IR_A_Set4,77,TD_IR_A_3.jpg,179,80,74,108
TD_IR_A_Set4,77,TD_IR_A_4.jpg,146,84,79,100
TD_IR_A_Set4,77,TD_IR_A_5.jpg,141,85,76,96
TD_IR_A_Set4,77,TD_IR_A_6.jpg,177,84,77,99
TD_IR_A_Set4,77,TD_IR_A_7.jpg,144,87,71,96
TD_IR_A_Set4,77,TD_IR_A_8.jpg,129,93,71,91
TD_IR_E_Set4,77,TD_IR_E_1.jpg,132,85,82,106
TD_IR_E_Set4,77,TD_IR_E_2.jpg,133,89,81,104
TD_IR_E_Set4,77,TD_IR_E_3.jpg,134,85,80,107
TD_IR_E_Set4,77,TD_IR_E_4.jpg,137,86,77,113
TD_IR_E_Set4,77,TD_IR_E_5.jpg,130,85,78,103
TD_IR_A_Set4,78,TD_IR_A_0.jpg,158,53,79,110
TD_IR_A_Set4,78,TD_IR_A_1.jpg,143,57,75,108
TD_IR_A_Set4,78,TD_IR_A_2.jpg,136,51,85,116
TD_IR_A_Set4,78,TD_IR_A_3.jpg,170,52,85,121
TD_IR_A_Set4,78,TD_IR_A_4.jpg,137,61,86,108
TD_IR_A_Set4,78,TD_IR_A_5.jpg,144,54,84,117
TD_IR_A_Set4,78,TD_IR_A_6.jpg,146,54,82,117
TD_IR_A_Set4,78,TD_IR_A_7.jpg,130,61,78,110
TD_IR_A_Set4,78,TD_IR_A_8.jpg,111,64,79,107
TD_IR_E_Set4,78,TD_IR_E_1.jpg,130,55,84,122
TD_IR_E_Set4,78,TD_IR_E_2.jpg,131,54,84,125
TD_IR_E_Set4,78,TD_IR_E_3.jpg,131,61,83,117
TD_IR_E_Set4,78,TD_IR_E_4.jpg,129,55,85,126
TD_IR_E_Set4,78,TD_IR_E_5.jpg,124,57,87,119
TD_IR_A_Set4,79,TD_IR_A_0.jpg,151,82,71,101
TD_IR_A_Set4,79,TD_IR_A_1.jpg,149,84,74,104
TD_IR_A_Set4,79,TD_IR_A_2.jpg,150,85,78,98
TD_IR_A_Set4,79,TD_IR_A_3.jpg,137,83,79,108
TD_IR_A_Set4,79,TD_IR_A_4.jpg,133,95,77,97
TD_IR_A_Set4,79,TD_IR_A_5.jpg,146,81,81,112
TD_IR_A_Set4,79,TD_IR_A_6.jpg,166,85,78,106
TD_IR_A_Set4,79,TD_IR_A_7.jpg,149,94,76,97
TD_IR_A_Set4,79,TD_IR_A_8.jpg,123,96,76,98
TD_IR_E_Set4,79,TD_IR_E_1.jpg,143,82,80,108
TD_IR_E_Set4,79,TD_IR_E_2.jpg,144,86,79,105
TD_IR_E_Set4,79,TD_IR_E_3.jpg,145,86,76,105
TD_IR_E_Set4,79,TD_IR_E_4.jpg,151,79,83,115
TD_IR_E_Set4,79,TD_IR_E_5.jpg,140,84,82,109
TD_IR_A_Set4,80,TD_IR_A_0.jpg,192,74,77,98
TD_IR_A_Set4,80,TD_IR_A_1.jpg,182,73,83,101
TD_IR_A_Set4,80,TD_IR_A_2.jpg,167,68,88,109
TD_IR_A_Set4,80,TD_IR_A_3.jpg,164,71,89,111
TD_IR_A_Set4,80,TD_IR_A_4.jpg,127,72,86,117
TD_IR_A_Set4,80,TD_IR_A_5.jpg,117,71,86,115
TD_IR_A_Set4,80,TD_IR_A_6.jpg,129,74,90,112
TD_IR_A_Set4,80,TD_IR_A_7.jpg,123,77,82,107
TD_IR_A_Set4,80,TD_IR_A_8.jpg,88,82,79,105
TD_IR_E_Set4,80,TD_IR_E_1.jpg,125,65,86,114
TD_IR_E_Set4,80,TD_IR_E_2.jpg,128,61,87,109
TD_IR_E_Set4,80,TD_IR_E_3.jpg,131,69,82,108
TD_IR_E_Set4,80,TD_IR_E_4.jpg,132,62,85,125
TD_IR_E_Set4,80,TD_IR_E_5.jpg,123,62,87,118
TD_IR_A_Set4,81,TD_IR_A_0.jpg,172,73,75,95
TD_IR_A_Set4,81,TD_IR_A_1.jpg,166,69,75,100
TD_IR_A_Set4,81,TD_IR_A_2.jpg,150,65,78,102
TD_IR_A_Set4,81,TD_IR_A_3.jpg,133,70,77,105
TD_IR_A_Set4,81,TD_IR_A_4.jpg,130,72,82,108
TD_IR_A_Set4,81,TD_IR_A_5.jpg,121,75,87,105
TD_IR_A_Set4,81,TD_IR_A_6.jpg,132,72,84,107
TD_IR_A_Set4,81,TD_IR_A_7.jpg,107,80,79,98
TD_IR_A_Set4,81,TD_IR_A_8.jpg,95,87,71,90
TD_IR_E_Set4,81,TD_IR_E_1.jpg,122,63,82,118
TD_IR_E_Set4,81,TD_IR_E_2.jpg,121,70,83,109
TD_IR_E_Set4,81,TD_IR_E_3.jpg,120,66,86,115
TD_IR_E_Set4,81,TD_IR_E_4.jpg,121,56,84,122
TD_IR_E_Set4,81,TD_IR_E_5.jpg,126,72,81,106
TD_IR_A_Set4,82,TD_IR_A_0.jpg,159,64,72,93
TD_IR_A_Set4,82,TD_IR_A_1.jpg,142,62,71,99
TD_IR_A_Set4,82,TD_IR_A_2.jpg,137,55,77,104
TD_IR_A_Set4,82,TD_IR_A_3.jpg,156,58,75,104
TD_IR_A_Set4,82,TD_IR_A_4.jpg,96,61,80,107
TD_IR_A_Set4,82,TD_IR_A_5.jpg,123,67,80,93
TD_IR_A_Set4,82,TD_IR_A_6.jpg,121,69,75,93
TD_IR_A_Set4,82,TD_IR_A_7.jpg,128,73,72,92
TD_IR_A_Set4,82,TD_IR_A_8.jpg,97,74,72,91
TD_IR_E_Set4,82,TD_IR_E_1.jpg,120,70,83,104
TD_IR_E_Set4,82,TD_IR_E_3.jpg,120,57,83,117
TD_IR_E_Set4,82,TD_IR_E_4.jpg,122,66,79,112
TD_IR_E_Set4,82,TD_IR_E_5.jpg,118,66,83,103
TD_IR_A_Set4,83,TD_IR_A_0.jpg,169,76,75,91
TD_IR_A_Set4,83,TD_IR_A_1.jpg,154,77,80,95
TD_IR_A_Set4,83,TD_IR_A_2.jpg,158,75,76,94
TD_IR_A_Set4,83,TD_IR_A_3.jpg,148,80,80,97
TD_IR_A_Set4,83,TD_IR_A_4.jpg,150,79,83,99
TD_IR_A_Set4,83,TD_IR_A_5.jpg,131,79,80,99
TD_IR_A_Set4,83,TD_IR_A_6.jpg,161,81,79,95
TD_IR_A_Set4,83,TD_IR_A_7.jpg,144,91,74,85
TD_IR_A_Set4,83,TD_IR_A_8.jpg,141,91,71,87
TD_IR_E_Set4,83,TD_IR_E_1.jpg,126,81,84,100
TD_IR_E_Set4,83,TD_IR_E_2.jpg,126,85,85,97
TD_IR_E_Set4,83,TD_IR_E_3.jpg,131,84,81,98
TD_IR_E_Set4,83,TD_IR_E_4.jpg,131,87,83,99
TD_IR_E_Set4,83,TD_IR_E_5.jpg,124,80,85,100
TD_IR_A_Set4,84,TD_IR_A_0.jpg,170,73,69,103
TD_IR_A_Set4,84,TD_IR_A_1.jpg,175,75,72,106
TD_IR_A_Set4,84,TD_IR_A_2.jpg,167,70,75,108
TD_IR_A_Set4,84,TD_IR_A_3.jpg,159,73,79,109
TD_IR_A_Set4,84,TD_IR_A_4.jpg,151,74,78,113
TD_IR_A_Set4,84,TD_IR_A_5.jpg,149,85,74,98
TD_IR_A_Set4,84,TD_IR_A_6.jpg,165,90,76,95
TD_IR_A_Set4,84,TD_IR_A_7.jpg,176,81,74,105
TD_IR_A_Set4,84,TD_IR_A_8.jpg,135,92,67,94
TD_IR_E_Set4,84,TD_IR_E_1.jpg,148,75,80,110
TD_IR_E_Set4,84,TD_IR_E_2.jpg,147,74,81,111
TD_IR_E_Set4,84,TD_IR_E_3.jpg,148,76,82,111
TD_IR_E_Set4,84,TD_IR_E_4.jpg,147,78,79,114
TD_IR_E_Set4,84,TD_IR_E_5.jpg,147,75,83,111
TD_IR_A_Set4,85,TD_IR_A_0.jpg,165,47,74,105
TD_IR_A_Set4,85,TD_IR_A_1.jpg,174,58,75,98
TD_IR_A_Set4,85,TD_IR_A_2.jpg,158,44,78,110
TD_IR_A_Set4,85,TD_IR_A_3.jpg,166,49,81,110
TD_IR_A_Set4,85,TD_IR_A_4.jpg,142,56,82,104
TD_IR_A_Set4,85,TD_IR_A_5.jpg,139,53,78,107
TD_IR_A_Set4,85,TD_IR_A_6.jpg,161,49,78,112
TD_IR_A_Set4,85,TD_IR_A_7.jpg,140,57,76,105
TD_IR_A_Set4,85,TD_IR_A_8.jpg,126,69,71,93
TD_IR_E_Set4,85,TD_IR_E_1.jpg,164,42,75,117
TD_IR_E_Set4,85,TD_IR_E_2.jpg,160,46,81,114
TD_IR_E_Set4,85,TD_IR_E_3.jpg,160,49,76,109
TD_IR_E_Set4,85,TD_IR_E_4.jpg,159,47,74,114
TD_IR_E_Set4,85,TD_IR_E_5.jpg,146,47,83,113
TD_IR_A_Set4,86,TD_IR_A_0.jpg,170,65,75,100
TD_IR_A_Set4,86,TD_IR_A_1.jpg,194,68,73,99
TD_IR_A_Set4,86,TD_IR_A_2.jpg,177,65,77,101
TD_IR_A_Set4,86,TD_IR_A_3.jpg,167,65,84,107
TD_IR_A_Set4,86,TD_IR_A_4.jpg,140,61,80,111
TD_IR_A_Set4,86,TD_IR_A_5.jpg,155,63,77,109
TD_IR_A_Set4,86,TD_IR_A_6.jpg,137,70,82,100
TD_IR_A_Set4,86,TD_IR_A_7.jpg,94,74,77,98
TD_IR_A_Set4,86,TD_IR_A_8.jpg,117,75,76,94
TD_IR_E_Set4,86,TD_IR_E_1.jpg,125,67,83,106
TD_IR_E_Set4,86,TD_IR_E_2.jpg,124,66,85,109
TD_IR_E_Set4,86,TD_IR_E_3.jpg,123,69,83,106
TD_IR_E_Set4,86,TD_IR_E_4.jpg,126,71,80,117
TD_IR_E_Set4,86,TD_IR_E_5.jpg,121,62,84,107
TD_IR_A_Set4,87,TD_IR_A_0.jpg,152,54,71,102
TD_IR_A_Set4,87,TD_IR_A_1.jpg,145,60,70,98
TD_IR_A_Set4,87,TD_IR_A_2.jpg,146,42,76,110
TD_IR_A_Set4,87,TD_IR_A_3.jpg,166,45,74,111
TD_IR_A_Set4,87,TD_IR_A_4.jpg,135,51,70,107
TD_IR_A_Set4,87,TD_IR_A_5.jpg,144,50,76,106
TD_IR_A_Set4,87,TD_IR_A_6.jpg,162,51,74,104
TD_IR_A_Set4,87,TD_IR_A_7.jpg,143,51,71,106
TD_IR_A_Set4,87,TD_IR_A_8.jpg,151,55,70,103
TD_IR_E_Set4,87,TD_IR_E_1.jpg,147,52,75,110
TD_IR_E_Set4,87,TD_IR_E_2.jpg,147,50,74,114
TD_IR_E_Set4,87,TD_IR_E_3.jpg,148,52,74,113
TD_IR_E_Set4,87,TD_IR_E_4.jpg,145,53,75,113
TD_IR_E_Set4,87,TD_IR_E_5.jpg,148,52,78,112
TD_IR_A_Set4,88,TD_IR_A_0.jpg,208,97,73,91
TD_IR_A_Set4,88,TD_IR_A_1.jpg,215,95,77,99
TD_IR_A_Set4,88,TD_IR_A_2.jpg,174,83,86,112
TD_IR_A_Set4,88,TD_IR_A_3.jpg,160,89,85,112
TD_IR_A_Set4,88,TD_IR_A_4.jpg,136,92,85,111
TD_IR_A_Set4,88,TD_IR_A_5.jpg,116,90,88,113
TD_IR_A_Set4,88,TD_IR_A_6.jpg,143,94,85,106
TD_IR_A_Set4,88,TD_IR_A_7.jpg,123,99,82,101
TD_IR_A_Set4,88,TD_IR_A_8.jpg,84,102,80,95
TD_IR_E_Set4,88,TD_IR_E_1.jpg,124,87,90,115
TD_IR_E_Set4,88,TD_IR_E_2.jpg,126,90,87,116
TD_IR_E_Set4,88,TD_IR_E_3.jpg,127,92,87,113
TD_IR_E_Set4,88,TD_IR_E_4.jpg,126,85,90,134
TD_IR_E_Set4,88,TD_IR_E_5.jpg,127,89,88,111
TD_IR_A_Set4,89,TD_IR_A_0.jpg,159,80,75,101
TD_IR_A_Set4,89,TD_IR_A_1.jpg,168,78,76,106
TD_IR_A_Set4,89,TD_IR_A_2.jpg,173,71,80,110
TD_IR_A_Set4,89,TD_IR_A_3.jpg,152,73,79,108
TD_IR_A_Set4,89,TD_IR_A_4.jpg,132,74,81,110
TD_IR_A_Set4,89,TD_IR_A_5.jpg,148,74,80,110
TD_IR_A_Set4,89,TD_IR_A_6.jpg,159,77,78,109
TD_IR_A_Set4,89,TD_IR_A_7.jpg,156,87,75,98
TD_IR_A_Set4,89,TD_IR_A_8.jpg,146,88,77,97
TD_IR_E_Set4,89,TD_IR_E_1.jpg,150,75,77,112
TD_IR_E_Set4,89,TD_IR_E_2.jpg,147,73,79,109
TD_IR_E_Set4,89,TD_IR_E_3.jpg,147,75,81,114
TD_IR_E_Set4,89,TD_IR_E_4.jpg,148,70,79,124
TD_IR_E_Set4,89,TD_IR_E_5.jpg,144,72,81,111
TD_IR_A_Set4,90,TD_IR_A_0.jpg,255,87,74,104
TD_IR_A_Set4,90,TD_IR_A_1.jpg,246,83,81,116
TD_IR_A_Set4,90,TD_IR_A_2.jpg,228,91,96,125
TD_IR_A_Set4,90,TD_IR_A_3.jpg,192,76,85,132
TD_IR_A_Set4,90,TD_IR_A_4.jpg,120,71,96,141
TD_IR_A_Set4,90,TD_IR_A_5.jpg,116,90,86,119
TD_IR_A_Set4,90,TD_IR_A_6.jpg,68,87,85,121
TD_IR_A_Set4,90,TD_IR_A_7.jpg,33,99,71,104
TD_IR_A_Set4,90,TD_IR_A_8.jpg,62,97,77,101
TD_IR_E_Set4,90,TD_IR_E_1.jpg,138,82,91,133
TD_IR_E_Set4,90,TD_IR_E_2.jpg,140,80,86,128
TD_IR_E_Set4,90,TD_IR_E_3.jpg,140,79,90,139
TD_IR_E_Set4,90,TD_IR_E_4.jpg,134,81,94,132
TD_IR_E_Set4,90,TD_IR_E_5.jpg,134,88,92,119
TD_IR_A_Set4,91,TD_IR_A_0.jpg,195,82,77,100
TD_IR_A_Set4,91,TD_IR_A_1.jpg,215,87,79,101
TD_IR_A_Set4,91,TD_IR_A_2.jpg,174,65,84,121
TD_IR_A_Set4,91,TD_IR_A_3.jpg,135,73,83,120
TD_IR_A_Set4,91,TD_IR_A_4.jpg,107,70,86,116
TD_IR_A_Set4,91,TD_IR_A_5.jpg,118,81,81,106
TD_IR_A_Set4,91,TD_IR_A_6.jpg,110,76,85,113
TD_IR_A_Set4,91,TD_IR_A_7.jpg,98,76,77,109
TD_IR_A_Set4,91,TD_IR_A_8.jpg,73,87,59,99
TD_IR_E_Set4,91,TD_IR_E_1.jpg,116,75,87,118
TD_IR_E_Set4,91,TD_IR_E_2.jpg,115,72,89,123
TD_IR_E_Set4,91,TD_IR_E_3.jpg,114,73,91,122
TD_IR_E_Set4,91,TD_IR_E_4.jpg,116,74,86,130
TD_IR_E_Set4,91,TD_IR_E_5.jpg,114,70,89,125
TD_IR_A_Set4,92,TD_IR_A_0.jpg,171,78,64,96
TD_IR_A_Set4,92,TD_IR_A_1.jpg,175,79,74,99
TD_IR_A_Set4,92,TD_IR_A_2.jpg,150,70,82,105
TD_IR_A_Set4,92,TD_IR_A_3.jpg,143,79,88,101
TD_IR_A_Set4,92,TD_IR_A_4.jpg,112,90,84,93
TD_IR_A_Set4,92,TD_IR_A_5.jpg,108,83,81,100
TD_IR_A_Set4,92,TD_IR_A_6.jpg,123,89,71,94
TD_IR_A_Set4,92,TD_IR_A_7.jpg,125,89,65,92
TD_IR_A_Set4,92,TD_IR_A_8.jpg,130,100,60,81
TD_IR_E_Set4,92,TD_IR_E_1.jpg,111,64,101,122
TD_IR_E_Set4,92,TD_IR_E_2.jpg,108,67,105,116
TD_IR_E_Set4,92,TD_IR_E_3.jpg,113,79,99,114
TD_IR_E_Set4,92,TD_IR_E_4.jpg,103,68,102,137
TD_IR_E_Set4,92,TD_IR_E_5.jpg,110,58,104,126
TD_IR_A_Set4,93,TD_IR_A_0.jpg,162,74,74,96
TD_IR_A_Set4,93,TD_IR_A_1.jpg,192,73,76,100
TD_IR_A_Set4,93,TD_IR_A_2.jpg,172,68,81,103
TD_IR_A_Set4,93,TD_IR_A_3.jpg,158,70,84,107
TD_IR_A_Set4,93,TD_IR_A_4.jpg,149,74,81,108
TD_IR_A_Set4,93,TD_IR_A_5.jpg,147,79,82,98
TD_IR_A_Set4,93,TD_IR_A_6.jpg,158,73,87,106
TD_IR_A_Set4,93,TD_IR_A_7.jpg,133,77,79,103
TD_IR_A_Set4,93,TD_IR_A_8.jpg,117,79,79,100
TD_IR_E_Set4,93,TD_IR_E_1.jpg,133,72,84,108
TD_IR_E_Set4,93,TD_IR_E_2.jpg,138,74,80,107
TD_IR_E_Set4,93,TD_IR_E_3.jpg,133,72,85,107
TD_IR_E_Set4,93,TD_IR_E_4.jpg,143,68,81,114
TD_IR_E_Set4,93,TD_IR_E_5.jpg,138,70,83,109
TD_IR_A_Set4,94,TD_IR_A_0.jpg,189,101,68,82
TD_IR_A_Set4,94,TD_IR_A_1.jpg,179,91,74,95
TD_IR_A_Set4,94,TD_IR_A_2.jpg,170,101,74,88
TD_IR_A_Set4,94,TD_IR_A_3.jpg,187,96,75,97
TD_IR_A_Set4,94,TD_IR_A_4.jpg,151,102,78,91
TD_IR_A_Set4,94,TD_IR_A_5.jpg,140,100,85,96
TD_IR_A_Set4,94,TD_IR_A_6.jpg,166,104,82,91
TD_IR_A_Set4,94,TD_IR_A_7.jpg,165,111,77,84
TD_IR_A_Set4,94,TD_IR_A_8.jpg,125,99,72,94
TD_IR_E_Set4,94,TD_IR_E_1.jpg,144,103,77,100
TD_IR_E_Set4,94,TD_IR_E_2.jpg,145,97,78,105
TD_IR_E_Set4,94,TD_IR_E_3.jpg,147,120,78,84
TD_IR_E_Set4,94,TD_IR_E_4.jpg,147,104,73,98
TD_IR_E_Set4,94,TD_IR_E_5.jpg,141,105,78,98
TD_IR_A_Set4,95,TD_IR_A_0.jpg,179,77,76,99
TD_IR_A_Set4,95,TD_IR_A_1.jpg,176,85,78,98
TD_IR_A_Set4,95,TD_IR_A_2.jpg,172,80,79,100
TD_IR_A_Set4,95,TD_IR_A_3.jpg,170,81,83,105
TD_IR_A_Set4,95,TD_IR_A_4.jpg,150,87,80,103
TD_IR_A_Set4,95,TD_IR_A_5.jpg,147,87,83,103
TD_IR_A_Set4,95,TD_IR_A_6.jpg,163,88,80,99
TD_IR_A_Set4,95,TD_IR_A_7.jpg,151,94,80,92
TD_IR_A_Set4,95,TD_IR_A_8.jpg,146,91,74,95
TD_IR_E_Set4,95,TD_IR_E_1.jpg,145,79,81,108
TD_IR_E_Set4,95,TD_IR_E_2.jpg,146,79,81,112
TD_IR_E_Set4,95,TD_IR_E_3.jpg,146,81,82,107
TD_IR_E_Set4,95,TD_IR_E_4.jpg,144,80,83,115
TD_IR_E_Set4,95,TD_IR_E_5.jpg,144,84,81,107
TD_IR_E_Set4,96,TD_IR_E_1.jpg,125,81,83,105
TD_IR_E_Set4,96,TD_IR_E_2.jpg,127,73,83,106
TD_IR_E_Set4,96,TD_IR_E_3.jpg,127,72,85,113
TD_IR_E_Set4,96,TD_IR_E_4.jpg,128,73,84,115
TD_IR_E_Set4,96,TD_IR_E_5.jpg,115,74,85,111
TD_IR_A_Set4,97,TD_IR_A_0.jpg,175,63,72,103
TD_IR_A_Set4,97,TD_IR_A_1.jpg,172,64,78,106
TD_IR_A_Set4,97,TD_IR_A_2.jpg,149,58,83,111
TD_IR_A_Set4,97,TD_IR_A_3.jpg,161,63,85,112
TD_IR_A_Set4,97,TD_IR_A_4.jpg,117,66,88,112
TD_IR_A_Set4,97,TD_IR_A_5.jpg,116,68,84,110
TD_IR_A_Set4,97,TD_IR_A_6.jpg,140,66,83,109
TD_IR_A_Set4,97,TD_IR_A_7.jpg,116,73,77,103
TD_IR_A_Set4,97,TD_IR_A_8.jpg,132,74,71,101
TD_IR_E_Set4,97,TD_IR_E_1.jpg,120,65,82,110
TD_IR_E_Set4,97,TD_IR_E_2.jpg,119,67,81,107
TD_IR_E_Set4,97,TD_IR_E_3.jpg,121,63,79,107
TD_IR_E_Set4,97,TD_IR_E_4.jpg,122,62,85,123
TD_IR_E_Set4,97,TD_IR_E_5.jpg,116,64,88,110
TD_IR_A_Set4,98,TD_IR_A_0.jpg,171,82,79,95
TD_IR_A_Set4,98,TD_IR_A_1.jpg,171,89,78,92
TD_IR_A_Set4,98,TD_IR_A_2.jpg,139,81,81,100
TD_IR_A_Set4,98,TD_IR_A_3.jpg,160,84,84,103
TD_IR_A_Set4,98,TD_IR_A_4.jpg,114,84,84,106
TD_IR_A_Set4,98,TD_IR_A_5.jpg,128,82,86,109
TD_IR_A_Set4,98,TD_IR_A_6.jpg,137,90,82,98
TD_IR_A_Set4,98,TD_IR_A_7.jpg,116,89,79,103
TD_IR_A_Set4,98,TD_IR_A_8.jpg,137,95,79,93
TD_IR_E_Set4,98,TD_IR_E_1.jpg,115,78,86,104
TD_IR_E_Set4,98,TD_IR_E_2.jpg,115,78,87,105
TD_IR_E_Set4,98,TD_IR_E_3.jpg,115,81,89,102
TD_IR_E_Set4,98,TD_IR_E_4.jpg,111,72,88,123
TD_IR_E_Set4,98,TD_IR_E_5.jpg,115,80,86,101
TD_IR_A_Set4,99,TD_IR_A_0.jpg,183,69,71,97
TD_IR_A_Set4,99,TD_IR_A_1.jpg,196,70,71,100
TD_IR_A_Set4,99,TD_IR_A_2.jpg,182,57,78,113
TD_IR_A_Set4,99,TD_IR_A_3.jpg,204,60,85,113
TD_IR_A_Set4,99,TD_IR_A_4.jpg,145,63,81,109
TD_IR_A_Set4,99,TD_IR_A_5.jpg,158,61,90,114
TD_IR_A_Set4,99,TD_IR_A_6.jpg,163,62,82,114
TD_IR_A_Set4,99,TD_IR_A_7.jpg,142,65,77,111
TD_IR_A_Set4,99,TD_IR_A_8.jpg,125,74,73,102
TD_IR_E_Set4,99,TD_IR_E_1.jpg,144,66,85,115
TD_IR_E_Set4,99,TD_IR_E_2.jpg,144,59,86,120
TD_IR_E_Set4,99,TD_IR_E_3.jpg,145,65,84,115
TD_IR_E_Set4,99,TD_IR_E_4.jpg,143,65,86,115
TD_IR_E_Set4,99,TD_IR_E_5.jpg,145,67,83,110
TD_IR_A_Set4,100,TD_IR_A_2.jpg,161,57,88,113
TD_IR_A_Set4,100,TD_IR_A_3.jpg,158,62,93,114
TD_IR_A_Set4,100,TD_IR_A_4.jpg,126,61,98,118
TD_IR_A_Set4,100,TD_IR_A_5.jpg,122,62,94,119
TD_IR_A_Set4,100,TD_IR_A_6.jpg,127,65,90,112
TD_IR_A_Set4,100,TD_IR_A_7.jpg,129,68,84,106
TD_IR_A_Set4,100,TD_IR_A_8.jpg,119,74,83,96
TD_IR_E_Set4,100,TD_IR_E_1.jpg,126,73,99,113
TD_IR_E_Set4,100,TD_IR_E_2.jpg,129,71,98,114
TD_IR_E_Set4,100,TD_IR_E_3.jpg,130,70,97,119
TD_IR_E_Set4,100,TD_IR_E_4.jpg,129,69,99,130
TD_IR_E_Set4,100,TD_IR_E_5.jpg,124,70,101,123
TD_IR_A_Set4,101,TD_IR_A_0.jpg,200,96,74,99
TD_IR_A_Set4,101,TD_IR_A_1.jpg,201,100,75,107
TD_IR_A_Set4,101,TD_IR_A_2.jpg,164,94,81,111
TD_IR_A_Set4,101,TD_IR_A_3.jpg,166,101,83,112
TD_IR_A_Set4,101,TD_IR_A_4.jpg,112,104,85,111
TD_IR_A_Set4,101,TD_IR_A_5.jpg,105,102,87,117
TD_IR_A_Set4,101,TD_IR_A_6.jpg,119,104,86,113
TD_IR_A_Set4,101,TD_IR_A_7.jpg,119,106,79,105
TD_IR_A_Set4,101,TD_IR_A_8.jpg,83,109,71,102
TD_IR_E_Set4,101,TD_IR_E_1.jpg,126,92,82,110
TD_IR_E_Set4,101,TD_IR_E_2.jpg,127,97,81,104
TD_IR_E_Set4,101,TD_IR_E_3.jpg,127,93,82,109
TD_IR_E_Set4,101,TD_IR_E_4.jpg,129,87,81,109
TD_IR_E_Set4,101,TD_IR_E_5.jpg,124,91,83,110
TD_IR_A_Set4,102,TD_IR_A_0.jpg,207,65,78,93
TD_IR_A_Set4,102,TD_IR_A_1.jpg,212,65,78,96
TD_IR_A_Set4,102,TD_IR_A_2.jpg,182,60,84,102
TD_IR_A_Set4,102,TD_IR_A_3.jpg,169,61,88,109
TD_IR_A_Set4,102,TD_IR_A_4.jpg,132,63,87,120
TD_IR_A_Set4,102,TD_IR_A_5.jpg,152,61,86,111
TD_IR_A_Set4,102,TD_IR_A_6.jpg,155,63,85,105
TD_IR_A_Set4,102,TD_IR_A_7.jpg,114,66,85,101
TD_IR_A_Set4,102,TD_IR_A_8.jpg,105,76,82,90
TD_IR_E_Set4,102,TD_IR_E_1.jpg,120,58,87,115
TD_IR_E_Set4,102,TD_IR_E_2.jpg,121,64,88,107
TD_IR_E_Set4,102,TD_IR_E_3.jpg,124,61,84,121
TD_IR_E_Set4,102,TD_IR_E_4.jpg,119,56,89,128
TD_IR_E_Set4,102,TD_IR_E_5.jpg,121,65,87,103
TD_IR_A_Set4,103,TD_IR_A_0.jpg,147,94,68,91
TD_IR_A_Set4,103,TD_IR_A_1.jpg,160,100,74,91
TD_IR_A_Set4,103,TD_IR_A_2.jpg,135,101,76,90
TD_IR_A_Set4,103,TD_IR_A_3.jpg,133,97,75,101
TD_IR_A_Set4,103,TD_IR_A_4.jpg,117,101,77,99
TD_IR_A_Set4,103,TD_IR_A_5.jpg,135,99,79,100
TD_IR_A_Set4,103,TD_IR_A_6.jpg,118,97,78,102
TD_IR_A_Set4,103,TD_IR_A_7.jpg,121,106,75,93
TD_IR_A_Set4,103,TD_IR_A_8.jpg,93,103,73,96
TD_IR_E_Set4,103,TD_IR_E_1.jpg,109,97,82,98
TD_IR_E_Set4,103,TD_IR_E_2.jpg,111,92,79,104
TD_IR_E_Set4,103,TD_IR_E_3.jpg,113,95,76,101
TD_IR_E_Set4,103,TD_IR_E_4.jpg,109,94,80,111
TD_IR_E_Set4,103,TD_IR_E_5.jpg,108,92,81,103
TD_IR_A_Set4,104,TD_IR_A_0.jpg,161,80,73,105
TD_IR_A_Set4,104,TD_IR_A_1.jpg,136,85,82,105
TD_IR_A_Set4,104,TD_IR_A_2.jpg,133,85,88,105
TD_IR_A_Set4,104,TD_IR_A_3.jpg,124,84,90,114
TD_IR_A_Set4,104,TD_IR_A_4.jpg,88,94,86,107
TD_IR_A_Set4,104,TD_IR_A_5.jpg,101,84,96,117
TD_IR_A_Set4,104,TD_IR_A_6.jpg,87,88,88,111
TD_IR_A_Set4,104,TD_IR_A_7.jpg,90,95,83,101
TD_IR_A_Set4,104,TD_IR_A_8.jpg,81,98,76,96
TD_IR_E_Set4,104,TD_IR_E_1.jpg,95,78,89,101
TD_IR_E_Set4,104,TD_IR_E_2.jpg,94,73,92,117
TD_IR_E_Set4,104,TD_IR_E_3.jpg,94,76,90,115
TD_IR_E_Set4,104,TD_IR_E_4.jpg,89,78,92,114
TD_IR_E_Set4,104,TD_IR_E_5.jpg,87,70,94,117
TD_IR_A_Set4,105,TD_IR_A_0.jpg,179,79,75,91
TD_IR_A_Set4,105,TD_IR_A_1.jpg,171,73,84,100
TD_IR_A_Set4,105,TD_IR_A_2.jpg,174,74,79,99
TD_IR_A_Set4,105,TD_IR_A_3.jpg,160,70,80,109
TD_IR_A_Set4,105,TD_IR_A_4.jpg,156,72,83,107
TD_IR_A_Set4,105,TD_IR_A_5.jpg,143,71,86,107
TD_IR_A_Set4,105,TD_IR_A_6.jpg,146,71,86,110
TD_IR_A_Set4,105,TD_IR_A_7.jpg,130,78,81,102
TD_IR_A_Set4,105,TD_IR_A_8.jpg,114,78,75,101
TD_IR_E_Set4,105,TD_IR_E_1.jpg,137,77,81,100
TD_IR_E_Set4,105,TD_IR_E_2.jpg,137,70,83,105
TD_IR_E_Set4,105,TD_IR_E_3.jpg,137,66,80,103
TD_IR_E_Set4,105,TD_IR_E_4.jpg,146,60,75,110
TD_IR_E_Set4,105,TD_IR_E_5.jpg,136,69,79,102
TD_IR_A_Set4,106,TD_IR_A_0.jpg,190,62,85,95
TD_IR_A_Set4,106,TD_IR_A_1.jpg,191,59,85,102
TD_IR_A_Set4,106,TD_IR_A_2.jpg,157,47,96,113
TD_IR_A_Set4,106,TD_IR_A_3.jpg,106,48,94,118
TD_IR_A_Set4,106,TD_IR_A_4.jpg,147,54,92,114
TD_IR_A_Set4,106,TD_IR_A_5.jpg,145,56,89,109
TD_IR_A_Set4,106,TD_IR_A_6.jpg,146,55,89,112
TD_IR_A_Set4,106,TD_IR_A_7.jpg,109,56,87,112
TD_IR_A_Set4,106,TD_IR_A_8.jpg,108,63,85,103
TD_IR_E_Set4,106,TD_IR_E_1.jpg,132,61,100,118
TD_IR_E_Set4,106,TD_IR_E_2.jpg,134,58,100,124
TD_IR_E_Set4,106,TD_IR_E_3.jpg,137,65,95,121
TD_IR_E_Set4,106,TD_IR_E_4.jpg,134,70,102,142
TD_IR_E_Set4,106,TD_IR_E_5.jpg,132,62,104,127
TD_IR_A_Set4,107,TD_IR_A_0.jpg,146,101,58,76
TD_IR_A_Set4,107,TD_IR_A_1.jpg,125,97,63,80
TD_IR_A_Set4,107,TD_IR_A_2.jpg,195,103,65,74
TD_IR_A_Set4,107,TD_IR_A_3.jpg,209,103,67,77
TD_IR_A_Set4,107,TD_IR_A_4.jpg,109,109,67,78
TD_IR_A_Set4,107,TD_IR_A_5.jpg,153,108,69,80
TD_IR_A_Set4,107,TD_IR_A_6.jpg,93,113,68,77
TD_IR_A_Set4,107,TD_IR_A_7.jpg,131,109,64,76
TD_IR_A_Set4,107,TD_IR_A_8.jpg,154,116,61,71
TD_IR_E_Set4,107,TD_IR_E_1.jpg,136,97,73,86
TD_IR_E_Set4,107,TD_IR_E_2.jpg,135,104,72,82
TD_IR_E_Set4,107,TD_IR_E_3.jpg,136,104,68,83
TD_IR_E_Set4,107,TD_IR_E_4.jpg,138,101,68,94
TD_IR_E_Set4,107,TD_IR_E_5.jpg,137,110,72,78
TD_IR_A_Set4,108,TD_IR_A_0.jpg,153,70,63,85
TD_IR_A_Set4,108,TD_IR_A_1.jpg,91,61,71,99
TD_IR_A_Set4,108,TD_IR_A_2.jpg,154,69,69,85
TD_IR_A_Set4,108,TD_IR_A_3.jpg,185,68,73,90
TD_IR_A_Set4,108,TD_IR_A_4.jpg,163,66,70,97
TD_IR_A_Set4,108,TD_IR_A_5.jpg,160,69,70,93
TD_IR_A_Set4,108,TD_IR_A_6.jpg,150,73,72,90
TD_IR_A_Set4,108,TD_IR_A_7.jpg,155,82,70,82
TD_IR_A_Set4,108,TD_IR_A_8.jpg,164,80,70,85
TD_IR_E_Set4,108,TD_IR_E_1.jpg,136,67,70,95
TD_IR_E_Set4,108,TD_IR_E_2.jpg,135,71,73,94
TD_IR_E_Set4,108,TD_IR_E_3.jpg,135,71,74,90
TD_IR_E_Set4,108,TD_IR_E_4.jpg,136,68,72,103
TD_IR_E_Set4,108,TD_IR_E_5.jpg,137,67,70,99
TD_IR_A_Set4,109,TD_IR_A_0.jpg,183,90,72,94
TD_IR_A_Set4,109,TD_IR_A_1.jpg,139,90,77,103
TD_IR_A_Set4,109,TD_IR_A_2.jpg,132,88,76,104
TD_IR_A_Set4,109,TD_IR_A_3.jpg,144,100,83,95
TD_IR_A_Set4,109,TD_IR_A_4.jpg,132,89,79,109
TD_IR_A_Set4,109,TD_IR_A_5.jpg,129,98,85,101
TD_IR_A_Set4,109,TD_IR_A_6.jpg,156,92,82,103
TD_IR_A_Set4,109,TD_IR_A_7.jpg,137,97,78,98
TD_IR_A_Set4,109,TD_IR_A_8.jpg,135,99,75,93
TD_IR_E_Set4,109,TD_IR_E_1.jpg,147,89,81,107
TD_IR_E_Set4,109,TD_IR_E_2.jpg,143,85,86,113
TD_IR_E_Set4,109,TD_IR_E_3.jpg,141,91,87,106
TD_IR_E_Set4,109,TD_IR_E_4.jpg,142,85,89,128
TD_IR_E_Set4,109,TD_IR_E_5.jpg,144,90,86,107
TD_IR_A_Set4,110,TD_IR_A_0.jpg,163,62,79,102
TD_IR_A_Set4,110,TD_IR_A_1.jpg,191,65,83,103
TD_IR_A_Set4,110,TD_IR_A_2.jpg,174,60,87,109
TD_IR_A_Set4,110,TD_IR_A_3.jpg,167,58,90,116
TD_IR_A_Set4,110,TD_IR_A_4.jpg,139,60,90,115
TD_IR_A_Set4,110,TD_IR_A_5.jpg,150,66,86,111
TD_IR_A_Set4,110,TD_IR_A_6.jpg,124,71,85,105
TD_IR_A_Set4,110,TD_IR_A_7.jpg,140,66,80,109
TD_IR_A_Set4,110,TD_IR_A_8.jpg,102,71,77,102
TD_IR_E_Set4,110,TD_IR_E_1.jpg,127,73,91,110
TD_IR_E_Set4,110,TD_IR_E_2.jpg,129,71,89,111
TD_IR_E_Set4,110,TD_IR_E_3.jpg,130,75,87,105
TD_IR_E_Set4,110,TD_IR_E_4.jpg,126,63,91,123
TD_IR_E_Set4,110,TD_IR_E_5.jpg,124,58,93,116
TD_IR_A_Set4,111,TD_IR_A_0.jpg,201,86,50,89
TD_IR_A_Set4,111,TD_IR_A_1.jpg,191,79,58,100
TD_IR_A_Set4,111,TD_IR_A_2.jpg,181,77,69,102
TD_IR_A_Set4,111,TD_IR_A_3.jpg,191,73,80,111
TD_IR_A_Set4,111,TD_IR_A_4.jpg,154,78,81,109
TD_IR_A_Set4,111,TD_IR_A_5.jpg,155,76,82,112
TD_IR_A_Set4,111,TD_IR_A_6.jpg,145,77,78,110
TD_IR_A_Set4,111,TD_IR_A_7.jpg,154,78,74,110
TD_IR_A_Set4,111,TD_IR_A_8.jpg,139,82,60,104
TD_IR_E_Set4,111,TD_IR_E_1.jpg,146,76,82,115
TD_IR_E_Set4,111,TD_IR_E_2.jpg,147,77,82,110
TD_IR_E_Set4,111,TD_IR_E_3.jpg,146,75,84,113
TD_IR_E_Set4,111,TD_IR_E_4.jpg,145,81,85,118
TD_IR_E_Set4,111,TD_IR_E_5.jpg,146,73,82,114
TD_IR_A_Set4,112,TD_IR_A_0.jpg,190,96,58,81
TD_IR_A_Set4,112,TD_IR_A_1.jpg,190,94,69,86
TD_IR_A_Set4,112,TD_IR_A_2.jpg,188,105,80,80
TD_IR_A_Set4,112,TD_IR_A_3.jpg,146,98,87,95
TD_IR_A_Set4,112,TD_IR_A_4.jpg,96,102,99,105
TD_IR_A_Set4,112,TD_IR_A_5.jpg,75,95,93,109
TD_IR_A_Set4,112,TD_IR_A_6.jpg,45,130,84,84
TD_IR_A_Set4,112,TD_IR_A_7.jpg,55,109,73,87
TD_IR_A_Set4,112,TD_IR_A_8.jpg,38,112,62,82
TD_IR_E_Set4,112,TD_IR_E_1.jpg,153,83,98,120
TD_IR_E_Set4,112,TD_IR_E_2.jpg,146,81,94,116
TD_IR_E_Set4,112,TD_IR_E_3.jpg,133,81,93,118
TD_IR_E_Set4,112,TD_IR_E_4.jpg,139,78,98,133
TD_IR_E_Set4,112,TD_IR_E_5.jpg,145,87,94,109
TD_IR_A_Set4,113,TD_IR_A_0.jpg,163,84,74,95
TD_IR_A_Set4,113,TD_IR_A_1.jpg,179,87,71,97
TD_IR_A_Set4,113,TD_IR_A_2.jpg,162,80,80,105
TD_IR_A_Set4,113,TD_IR_A_3.jpg,171,87,79,104
TD_IR_A_Set4,113,TD_IR_A_4.jpg,152,89,84,103
TD_IR_A_Set4,113,TD_IR_A_5.jpg,164,95,78,97
TD_IR_A_Set4,113,TD_IR_A_6.jpg,150,93,78,97
TD_IR_A_Set4,113,TD_IR_A_7.jpg,152,91,73,97
TD_IR_A_Set4,113,TD_IR_A_8.jpg,126,93,72,94
TD_IR_E_Set4,113,TD_IR_E_1.jpg,132,88,83,104
TD_IR_E_Set4,113,TD_IR_E_2.jpg,134,84,82,108
TD_IR_E_Set4,113,TD_IR_E_3.jpg,135,90,81,103
TD_IR_E_Set4,113,TD_IR_E_4.jpg,135,82,80,118
TD_IR_E_Set4,113,TD_IR_E_5.jpg,132,87,84,108
